timestamp,wind_speed_mps,rotor_speed_rpm,generator_speed_rpm,generator_torque_nm,blade_pitch_deg,electrical_power_kw,tower_acceleration,nacelle_yaw_error,controller_state,fault_flags
0.0,9.342,12.056,1169.43,42704.72,0.0,2715.81,-0.003,-1.079,BELOW_RATED,0
0.05,9.106,12.0039,1164.38,42660.46,0.0,2537.23,0.0341,0.722,BELOW_RATED,0
0.1001,9.646,11.9611,1160.22,42570.24,0.0,2982.56,0.0504,-0.05,BELOW_RATED,0
0.1501,9.687,11.9282,1157.03,42450.15,0.0,3001.19,0.0576,-0.262,BELOW_RATED,0
0.2002,9.488,11.8806,1152.42,42314.5,0.0,2843.07,0.0602,-0.05,BELOW_RATED,0
0.2502,9.636,11.8435,1148.82,42151.02,0.0,2925.24,0.1061,0.328,BELOW_RATED,0
0.3003,9.918,11.818,1146.35,41974.2,0.0,3224.5,0.1402,0.364,BELOW_RATED,0
0.3503,9.8,11.7844,1143.09,41797.54,0.0,3116.77,0.1503,0.236,BELOW_RATED,0
0.4003,9.742,11.7557,1140.31,41613.04,0.0,3058.1,0.1579,0.503,BELOW_RATED,0
0.4504,9.751,11.7271,1137.52,41426.78,0.0,3064.41,0.1571,0.254,BELOW_RATED,0
0.5004,9.453,11.6999,1134.89,41239.08,0.0,2774.85,0.1493,0.612,BELOW_RATED,0
0.5505,9.831,11.6725,1132.24,41051.7,0.0,3138.42,0.1864,0.844,BELOW_RATED,0
0.6005,9.321,11.6383,1128.91,40864.41,0.0,2641.3,0.1313,0.101,BELOW_RATED,0
0.6505,9.597,11.6177,1126.92,40670.59,0.0,2885.64,0.2032,0.937,BELOW_RATED,0
0.7006,9.588,11.5838,1123.63,40484.56,0.0,2873.57,0.1917,1.116,BELOW_RATED,0
0.7506,9.343,11.5613,1121.44,40292.28,0.0,2649.31,0.1959,0.711,BELOW_RATED,0
0.8007,9.679,11.5346,1118.85,40105.77,0.0,2969.96,0.2254,0.193,BELOW_RATED,0
0.8507,10.042,11.5267,1118.09,39920.21,0.0,3291.29,0.2292,1.092,BELOW_RATED,0
0.9008,9.658,11.5047,1115.95,39753.63,0.0,2923.77,0.2175,0.609,BELOW_RATED,0
0.9508,9.497,11.4866,1114.2,39589.67,0.0,2751.32,0.159,1.147,BELOW_RATED,0
1.0008,9.733,11.4708,1112.67,39431.79,0.0,2983.82,0.1657,0.833,BELOW_RATED,0
1.0509,9.934,11.4526,1110.9,39281.4,0.0,3175.68,0.1894,0.661,BELOW_RATED,0
1.1009,9.814,11.4308,1108.79,39135.1,0.0,3032.67,0.1563,-0.1,BELOW_RATED,0
1.151,9.788,11.421,1107.84,38988.95,0.0,3018.43,0.1394,0.686,BELOW_RATED,0
1.201,9.519,11.3971,1105.52,38854.33,0.0,2798.35,0.1168,0.379,BELOW_RATED,0
1.251,9.913,11.3931,1105.13,38716.16,0.0,3133.67,0.1437,1.197,BELOW_RATED,0
1.3011,9.923,11.382,1104.05,38593.91,0.0,3152.55,0.0885,0.494,BELOW_RATED,0
1.3511,10.106,11.3837,1104.22,38478.6,0.0,3328.58,0.0859,0.794,BELOW_RATED,0
1.4012,10.148,11.3815,1104.0,38381.38,0.0,3371.44,0.0698,1.056,BELOW_RATED,0
1.4512,10.0,11.3819,1104.04,38295.96,0.0,3217.03,0.0452,1.133,BELOW_RATED,0
1.5013,9.547,11.3598,1101.9,38223.14,0.0,2799.45,0.0217,0.892,BELOW_RATED,0
1.5513,9.6,11.3408,1100.06,38139.84,0.0,2836.75,0.0071,1.323,BELOW_RATED,0
1.6013,9.68,11.332,1099.21,38050.45,0.0,2904.61,0.0039,1.241,BELOW_RATED,0
1.6514,9.971,11.3327,1099.27,37965.51,0.0,3182.71,-0.0212,1.263,BELOW_RATED,0
1.7014,9.767,11.3194,1097.98,37893.35,0.0,2981.67,-0.0528,0.622,BELOW_RATED,0
1.7515,10.199,11.322,1098.23,37818.91,0.0,3388.08,-0.0796,0.979,BELOW_RATED,0
1.8015,9.998,11.3123,1097.29,37757.56,0.0,3201.31,-0.0798,2.014,BELOW_RATED,0
1.8515,10.034,11.3082,1096.9,37695.84,0.0,3266.68,-0.1135,2.066,BELOW_RATED,0
1.9016,10.123,11.3088,1096.96,37639.08,0.0,3346.78,-0.1529,1.916,BELOW_RATED,0
1.9516,10.054,11.3116,1097.23,37591.04,0.0,3281.82,-0.1276,1.337,BELOW_RATED,0
2.0017,9.716,11.3041,1096.49,37552.51,0.0,2906.48,-0.1681,1.01,BELOW_RATED,0
2.0517,10.5,11.3181,1097.85,37512.32,0.0,3750.67,-0.189,1.61,BELOW_RATED,0
2.1018,10.315,11.3331,1099.31,37491.07,0.0,3551.06,-0.2073,2.272,BELOW_RATED,0
2.1518,10.339,11.3467,1100.63,37487.08,0.0,3578.17,-0.2436,1.246,BELOW_RATED,0
2.2018,9.897,11.3426,1100.23,37496.51,0.0,3104.29,-0.2236,1.694,BELOW_RATED,0
2.2519,9.689,11.3274,1098.76,37500.66,0.0,2914.63,-0.1913,2.269,BELOW_RATED,0
2.3019,9.769,11.3141,1097.47,37489.89,0.0,3001.15,-0.2158,2.127,BELOW_RATED,0
2.352,9.872,11.3108,1097.15,37468.1,0.0,3089.2,-0.2044,1.458,BELOW_RATED,0
2.402,10.271,11.317,1097.75,37446.37,0.0,3497.8,-0.204,1.907,BELOW_RATED,0
2.452,10.287,11.3236,1098.39,37433.57,0.0,3489.79,-0.2459,1.838,BELOW_RATED,0
2.5021,10.41,11.3423,1100.2,37428.85,0.0,3638.87,-0.2332,0.727,BELOW_RATED,0
2.5521,10.559,11.3549,1101.42,37442.42,0.0,3793.55,-0.2271,1.913,BELOW_RATED,0
2.6022,10.247,11.3595,1101.87,37465.96,0.0,3493.33,-0.1758,2.115,BELOW_RATED,0
2.6522,10.225,11.36,1101.92,37490.5,0.0,3424.27,-0.1857,2.24,BELOW_RATED,0
2.7023,10.094,11.3459,1100.56,37512.01,0.0,3303.61,-0.1404,2.248,BELOW_RATED,0
2.7523,10.111,11.3428,1100.25,37517.14,0.0,3317.18,-0.1393,1.806,BELOW_RATED,0
2.8023,9.958,11.3402,1100.0,37518.59,0.0,3194.2,-0.1321,1.693,BELOW_RATED,0
2.8524,10.304,11.3489,1100.84,37517.38,0.0,3531.33,-0.1304,1.148,BELOW_RATED,0
2.9024,10.277,11.36,1101.92,37524.52,0.0,3526.93,-0.0995,2.193,BELOW_RATED,0
2.9525,10.144,11.3599,1101.91,37541.22,0.0,3365.95,-0.0483,2.22,BELOW_RATED,0
3.0025,10.075,11.3565,1101.58,37555.36,0.0,3293.12,-0.049,2.353,BELOW_RATED,0
3.0525,10.34,11.3592,1101.84,37564.27,0.0,3558.05,-0.0031,2.392,BELOW_RATED,0
3.1026,10.521,11.372,1103.08,37574.49,0.0,3803.51,-0.0086,2.034,BELOW_RATED,0
3.1526,10.288,11.376,1103.47,37595.32,0.0,3498.2,-0.0001,1.709,BELOW_RATED,0
3.2027,10.34,11.3823,1104.08,37617.01,0.0,3546.1,0.0377,2.091,BELOW_RATED,0
3.2527,10.185,11.3889,1104.72,37641.56,0.0,3399.67,0.0717,2.5,BELOW_RATED,0
3.3028,10.257,11.3932,1105.14,37668.87,0.0,3503.96,0.053,2.362,BELOW_RATED,0
3.3528,10.255,11.3917,1105.0,37696.35,0.0,3474.37,0.1208,1.979,BELOW_RATED,0
3.4028,10.272,11.3892,1104.75,37718.52,0.0,3517.56,0.091,2.77,BELOW_RATED,0
3.4529,10.221,11.3835,1104.2,37735.11,0.0,3473.11,0.1266,2.485,BELOW_RATED,0
3.5029,10.431,11.3903,1104.86,37743.93,0.0,3674.72,0.17,2.269,BELOW_RATED,0
3.553,10.624,11.4056,1106.35,37757.92,0.0,3901.63,0.1578,1.206,BELOW_RATED,0
3.603,10.185,11.4155,1107.31,37784.52,0.0,3374.76,0.1844,2.052,BELOW_RATED,0
3.653,10.666,11.4219,1107.92,37816.73,0.0,3929.06,0.2458,2.706,BELOW_RATED,0
3.7031,10.317,11.417,1107.45,37850.39,0.0,3560.84,0.2131,3.138,BELOW_RATED,0
3.7531,10.335,11.4188,1107.62,37874.57,0.0,3544.5,0.2452,3.083,BELOW_RATED,0
3.8032,9.989,11.4212,1107.85,37897.02,0.0,3221.77,0.1803,1.888,BELOW_RATED,0
3.8532,9.947,11.4107,1106.84,37918.5,0.0,3169.3,0.2033,2.552,BELOW_RATED,0
3.9033,10.589,11.412,1106.97,37926.97,0.0,3843.69,0.226,2.227,BELOW_RATED,0
3.9533,10.235,11.4019,1105.98,37935.5,0.0,3491.37,0.2051,2.038,BELOW_RATED,0
4.0033,10.625,11.4123,1107.0,37933.17,0.0,3881.03,0.2498,2.711,BELOW_RATED,0
4.0534,10.485,11.4219,1107.92,37941.09,0.0,3722.88,0.2098,2.181,BELOW_RATED,0
4.1034,10.536,11.4244,1108.17,37956.96,0.0,3792.14,0.2208,2.333,BELOW_RATED,0
4.1535,10.764,11.4325,1108.95,37972.97,0.0,4076.28,0.2353,2.723,BELOW_RATED,0
4.2035,10.494,11.4394,1109.62,37994.43,0.0,3753.3,0.2188,2.16,BELOW_RATED,0
4.2535,9.866,11.421,1107.84,38019.34,0.0,3086.0,0.1578,2.27,BELOW_RATED,0
4.3036,10.182,11.4163,1107.38,38023.22,0.0,3403.71,0.1584,2.126,BELOW_RATED,0
4.3536,10.735,11.4216,1107.9,38022.04,0.0,4023.92,0.1602,2.355,BELOW_RATED,0
4.4037,10.95,11.4309,1108.79,38026.11,0.0,4287.59,0.1293,2.637,BELOW_RATED,0
4.4537,10.543,11.4338,1109.08,38038.38,0.0,3802.61,0.1217,2.516,BELOW_RATED,0
4.5038,10.432,11.4361,1109.3,38051.76,0.0,3675.5,0.0717,2.699,BELOW_RATED,0
4.5538,10.305,11.4284,1108.55,38065.36,0.0,3530.32,0.0449,2.675,BELOW_RATED,0
4.6038,10.703,11.4497,1110.62,38069.69,0.0,3971.31,0.0517,2.469,BELOW_RATED,0
4.6539,10.245,11.4577,1111.39,38093.7,0.0,3440.06,0.0019,2.741,BELOW_RATED,0
4.7039,10.365,11.4581,1111.44,38121.89,0.0,3616.18,-0.0344,2.391,BELOW_RATED,0
4.754,10.652,11.4622,1111.84,38146.48,0.0,3966.91,-0.0253,2.695,BELOW_RATED,0
4.804,10.656,11.4684,1112.43,38171.51,0.0,3962.1,-0.0531,2.684,BELOW_RATED,0
4.854,10.594,11.4692,1112.51,38198.82,0.0,3883.14,-0.0633,2.077,BELOW_RATED,0
4.9041,10.869,11.4774,1113.31,38222.99,0.0,4199.98,-0.109,2.133,BELOW_RATED,0
4.9541,10.418,11.4789,1113.46,38251.58,0.0,3680.31,-0.1184,2.323,BELOW_RATED,0
5.0042,10.438,11.4821,1113.76,38277.53,0.0,3689.8,-0.1429,2.684,BELOW_RATED,0
5.0542,10.603,11.4944,1114.96,38302.82,0.0,3901.37,-0.1577,2.405,BELOW_RATED,0
5.1043,10.71,11.502,1115.7,38336.27,0.0,4011.14,-0.1709,2.442,BELOW_RATED,0
5.1543,10.639,11.5072,1116.2,38372.26,0.0,3930.03,-0.2097,2.505,BELOW_RATED,0
5.2043,11.115,11.5256,1117.98,38408.11,0.0,4521.61,-0.2228,2.272,BELOW_RATED,0
5.2544,10.606,11.5228,1117.71,38456.46,0.0,3875.59,-0.2398,2.016,BELOW_RATED,0
5.3044,10.864,11.5286,1118.27,38495.2,0.0,4185.51,-0.2312,2.364,BELOW_RATED,0
5.3545,10.629,11.5311,1118.52,38533.94,0.0,3917.89,-0.2486,1.931,BELOW_RATED,0
5.4045,10.82,11.5358,1118.97,38569.59,0.0,4126.68,-0.2263,3.066,BELOW_RATED,0
5.4545,10.677,11.5399,1119.37,38604.67,0.0,3979.46,-0.2213,3.055,BELOW_RATED,0
5.5046,10.697,11.5502,1120.37,38638.64,0.0,4010.25,-0.2261,2.03,BELOW_RATED,0
5.5546,11.11,11.5546,1120.79,38677.68,0.0,4495.89,-0.2532,2.086,BELOW_RATED,0
5.6047,10.728,11.5574,1121.07,38715.38,0.0,4036.09,-0.2382,2.009,BELOW_RATED,0
5.6547,11.148,11.5717,1122.46,38750.45,0.0,4572.99,-0.2383,2.439,BELOW_RATED,0
5.7048,10.666,11.5736,1122.64,38794.28,0.0,3988.12,-0.1914,2.031,BELOW_RATED,0
5.7548,10.73,11.5749,1122.76,38833.68,0.0,4033.98,-0.1978,2.417,BELOW_RATED,0
5.8048,11.055,11.5856,1123.8,38868.66,0.0,4466.96,-0.1971,2.077,BELOW_RATED,0
5.8549,10.346,11.5801,1123.27,38908.98,0.0,3605.54,-0.1409,1.637,BELOW_RATED,0
5.9049,10.517,11.5787,1123.13,38938.21,0.0,3799.72,-0.1331,2.396,BELOW_RATED,0
5.955,10.864,11.5901,1124.24,38961.91,0.0,4218.67,-0.1673,2.146,BELOW_RATED,0
6.005,10.965,11.5963,1124.84,38993.21,0.0,4333.2,-0.142,2.512,BELOW_RATED,0
6.055,10.994,11.6044,1125.63,39026.11,0.0,4371.19,-0.134,2.464,BELOW_RATED,0
6.1051,10.823,11.611,1126.27,39062.15,0.0,4136.87,-0.0769,2.528,BELOW_RATED,0
6.1551,10.608,11.6209,1127.22,39099.38,0.0,3895.4,-0.0464,1.956,BELOW_RATED,0
6.2052,11.073,11.6341,1128.5,39140.84,0.0,4450.23,-0.0349,2.316,BELOW_RATED,0
6.2552,11.004,11.6422,1129.29,39189.17,0.0,4379.44,-0.0053,1.977,BELOW_RATED,0
6.3053,10.696,11.6469,1129.75,39238.49,0.0,4010.27,0.0044,2.423,BELOW_RATED,0
6.3553,10.95,11.6558,1130.61,39285.31,0.0,4339.4,0.0787,2.246,BELOW_RATED,0
6.4053,11.306,11.6779,1132.75,39334.12,0.0,4786.65,0.0923,2.057,BELOW_RATED,0
6.4554,10.975,11.6839,1133.34,39397.38,0.0,4350.25,0.0723,2.103,BELOW_RATED,0
6.5054,10.718,11.6757,1132.54,39457.47,0.0,4047.84,0.0832,2.263,BELOW_RATED,0
6.5555,10.881,11.6709,1132.08,39501.01,0.0,4226.13,0.1409,2.331,BELOW_RATED,0
6.6055,10.901,11.6702,1132.01,39533.67,0.0,4263.29,0.1807,2.117,BELOW_RATED,0
6.6555,11.053,11.681,1133.06,39560.95,0.0,4455.63,0.2068,2.468,BELOW_RATED,0
6.7056,11.176,11.6981,1134.72,39594.9,0.0,4614.42,0.2077,0.953,BELOW_RATED,0
6.7556,10.811,11.6936,1134.28,39640.66,0.0,4142.27,0.2251,1.917,BELOW_RATED,0
6.8057,10.877,11.6912,1134.05,39675.43,0.0,4234.47,0.2151,1.624,BELOW_RATED,0
6.8557,11.224,11.6964,1134.55,39702.94,0.0,4694.56,0.2739,2.001,BELOW_RATED,0
6.9058,11.175,11.708,1135.68,39731.6,0.0,4630.74,0.2507,2.153,BELOW_RATED,0
6.9558,11.308,11.7145,1136.31,39767.5,0.0,4764.53,0.2568,2.438,BELOW_RATED,0
7.0058,10.745,11.7126,1136.12,39804.61,0.0,4062.69,0.2511,2.463,BELOW_RATED,0
7.0559,10.855,11.7094,1135.81,39834.48,0.0,4224.35,0.2829,1.819,BELOW_RATED,0
7.1059,11.261,11.7218,1137.02,39857.02,0.0,4723.16,0.2452,1.393,BELOW_RATED,0
7.156,10.872,11.7283,1137.65,39888.47,0.0,4245.71,0.2408,2.723,BELOW_RATED,0
7.206,11.139,11.7347,1138.26,39921.74,0.0,4577.6,0.2603,1.649,BELOW_RATED,0
7.256,11.069,11.7359,1138.38,39956.48,0.0,4479.52,0.2187,1.937,BELOW_RATED,0
7.3061,10.936,11.7399,1138.77,39987.43,0.0,4311.59,0.185,1.621,BELOW_RATED,0
7.3561,11.394,11.7471,1139.47,40017.89,0.0,4909.94,0.2241,2.425,BELOW_RATED,0
7.4062,11.1,11.7603,1140.75,40051.08,0.0,4509.41,0.1936,1.57,BELOW_RATED,0
7.4562,11.008,11.765,1141.2,40092.47,0.0,4439.76,0.18,1.954,BELOW_RATED,0
7.5063,11.086,11.7684,1141.53,40132.5,0.0,4503.29,0.1474,2.015,BELOW_RATED,0
7.5563,11.176,11.7841,1143.05,40170.12,0.0,4641.15,0.1294,1.724,BELOW_RATED,0
7.6063,10.812,11.7861,1143.25,40217.79,0.0,4202.41,0.1319,1.345,BELOW_RATED,0
7.6564,10.964,11.7809,1142.75,40260.68,0.0,4377.64,0.0929,2.125,BELOW_RATED,0
7.7064,10.887,11.7898,1143.61,40292.32,0.0,4265.76,0.0668,1.236,BELOW_RATED,0
7.7565,10.726,11.7921,1143.84,40328.19,0.0,4073.86,0.0259,1.178,BELOW_RATED,0
7.8065,11.36,11.8106,1145.63,40361.19,0.0,4896.28,0.0135,1.053,BELOW_RATED,0
7.8565,11.46,11.8076,1145.34,40751.53,0.0,4958.56,-0.0269,1.635,RATED_POWER,0
7.9066,11.417,11.8096,1145.53,41086.1,0.0,4941.44,-0.0359,0.716,RATED_POWER,0
7.9566,10.822,11.8151,1146.06,41027.99,0.0,4226.44,-0.0646,1.805,BELOW_RATED,0
8.0067,11.27,11.8226,1146.79,40983.6,0.0,4799.47,-0.1124,1.077,BELOW_RATED,0
8.0567,11.334,11.8342,1147.92,40952.97,0.0,4849.26,-0.1345,2.094,BELOW_RATED,0
8.1068,11.086,11.8268,1147.2,40938.15,0.0,4541.39,-0.163,1.464,BELOW_RATED,0
8.1568,11.375,11.8395,1148.43,40918.14,0.0,4917.15,-0.2004,1.383,BELOW_RATED,0
8.2068,10.988,11.8426,1148.73,40913.47,0.0,4436.68,-0.1793,0.839,BELOW_RATED,0
8.2569,11.003,11.8389,1148.37,40912.53,0.0,4411.32,-0.1825,1.625,BELOW_RATED,0
8.3069,11.058,11.8325,1147.75,40908.09,0.0,4486.78,-0.199,0.903,BELOW_RATED,0
8.357,11.087,11.8381,1148.3,40897.98,0.0,4527.55,-0.2304,1.033,BELOW_RATED,0
8.407,11.035,11.8325,1147.75,40894.86,0.0,4450.85,-0.2359,1.765,BELOW_RATED,0
8.457,11.442,11.832,1147.7,41208.96,0.0,4957.74,-0.2616,0.716,RATED_POWER,0
8.5071,11.035,11.8285,1147.37,41155.34,0.0,4479.38,-0.2497,0.798,BELOW_RATED,0
8.5571,11.164,11.824,1146.93,41105.99,0.0,4624.04,-0.2756,1.252,BELOW_RATED,0
8.6072,11.135,11.8262,1147.14,41059.27,0.0,4593.56,-0.2522,1.235,BELOW_RATED,0
8.6572,11.717,11.8276,1147.28,41349.88,0.0,4968.95,-0.2846,1.694,RATED_POWER,0
8.7073,11.094,11.8275,1147.26,41271.83,0.0,4548.34,-0.2631,0.511,BELOW_RATED,0
8.7573,11.378,11.8325,1147.75,41204.8,0.0,4922.74,-0.2532,0.754,BELOW_RATED,0
8.8073,11.657,11.8346,1147.96,41474.63,0.0,4974.75,-0.2665,0.727,RATED_POWER,0
8.8574,11.053,11.8411,1148.59,41385.67,0.0,4489.34,-0.217,0.691,BELOW_RATED,0
8.9074,11.13,11.8449,1148.95,41315.82,0.0,4590.67,-0.2224,0.885,BELOW_RATED,0
8.9575,11.237,11.86,1150.42,41259.7,0.0,4745.25,-0.2015,1.322,BELOW_RATED,0
9.0075,11.041,11.8515,1149.59,41226.53,0.0,4482.07,-0.1869,0.289,BELOW_RATED,0
9.0575,11.563,11.8507,1149.52,41493.25,0.0,4954.72,-0.1866,0.773,RATED_POWER,0
9.1076,11.224,11.8481,1149.27,41417.51,0.0,4727.1,-0.1303,1.5,BELOW_RATED,0
9.1576,11.538,11.8531,1149.75,41656.94,0.0,4954.26,-0.129,0.818,RATED_POWER,0
9.2077,11.438,11.8556,1149.99,41862.17,0.0,4942.62,-0.1184,0.903,RATED_POWER,0
9.2577,11.34,11.8658,1150.98,41738.59,0.0,4862.73,-0.0439,0.67,BELOW_RATED,0
9.3078,11.534,11.8655,1150.96,41932.15,0.0,4961.74,-0.0307,0.473,RATED_POWER,0
9.3578,11.284,11.871,1151.48,41808.39,0.0,4820.12,-0.0249,0.603,BELOW_RATED,0
9.4078,11.563,11.8743,1151.81,41991.98,0.0,4984.54,0.0248,0.809,RATED_POWER,0
9.4579,11.09,11.8806,1152.41,41868.33,0.0,4573.67,0.033,0.343,BELOW_RATED,0
9.5079,11.209,11.8841,1152.76,41768.54,0.0,4738.56,0.0885,0.611,BELOW_RATED,0
9.558,11.608,11.89,1153.33,41957.83,0.0,4969.47,0.1249,0.319,RATED_POWER,0
9.608,10.946,11.8914,1153.46,41854.59,0.0,4380.8,0.104,0.813,BELOW_RATED,0
9.658,11.469,11.8958,1153.89,42031.59,0.0,4971.36,0.1388,0.592,RATED_POWER,0
9.7081,11.295,11.8986,1154.17,41923.53,0.0,4808.91,0.1884,0.24,BELOW_RATED,0
9.7581,11.272,11.9054,1154.83,41833.76,0.0,4805.91,0.2111,-0.209,BELOW_RATED,0
9.8082,11.246,11.9012,1154.42,41763.56,0.0,4774.43,0.2023,0.262,BELOW_RATED,0
9.8582,11.649,11.9087,1155.14,41953.56,0.0,4991.9,0.2294,-0.064,RATED_POWER,0
9.9083,11.087,11.8986,1154.16,41869.48,0.0,4557.92,0.2313,0.111,BELOW_RATED,0
9.9583,11.566,11.9098,1155.25,42044.35,0.0,4954.2,0.2403,-0.357,RATED_POWER,0
10.0083,11.498,11.9144,1155.7,42194.23,0.0,4950.19,0.2542,0.175,RATED_POWER,0
10.0584,11.321,11.9141,1155.67,42081.43,0.0,4852.4,0.2515,0.173,BELOW_RATED,0
10.1084,11.393,11.9174,1155.99,41984.47,0.0,4970.15,0.2664,-0.008,BELOW_RATED,0
10.1585,11.555,11.9148,1155.74,42142.91,0.0,4983.05,0.2469,0.708,RATED_POWER,0
10.2085,11.298,11.9211,1156.35,42037.86,0.0,4813.56,0.2586,-0.226,BELOW_RATED,0
10.2585,11.117,11.9216,1156.39,41954.09,0.0,4582.16,0.2761,-0.274,BELOW_RATED,0
10.3086,11.481,11.9188,1156.12,42116.87,0.0,4972.15,0.2827,-0.824,RATED_POWER,0
10.3586,11.259,11.9183,1156.08,42019.48,0.0,4797.18,0.2545,-0.245,BELOW_RATED,0
10.4087,11.349,11.9342,1157.62,41935.52,0.0,4924.97,0.2225,-0.89,BELOW_RATED,0
10.4587,11.445,11.9371,1157.9,42100.95,0.0,4987.54,0.2266,-0.164,RATED_POWER,0
10.5088,11.585,11.936,1157.8,42242.75,0.0,4987.89,0.1996,-0.284,RATED_POWER,0
10.5588,11.804,11.9441,1158.57,42364.3,0.038,4975.15,0.2064,-0.402,RATED_POWER,0
10.6088,11.512,11.9502,1159.17,42468.48,0.0,4969.2,0.1927,-1.104,RATED_POWER,0
10.6589,11.47,11.9576,1159.89,42557.77,0.0,4987.72,0.1631,-0.018,RATED_POWER,0
10.7089,11.613,11.9627,1160.38,42634.31,0.0,5004.29,0.1385,-0.509,RATED_POWER,0
10.759,11.509,11.9695,1161.04,42699.92,0.0,5006.51,0.0737,-0.484,RATED_POWER,0
10.809,11.117,11.9574,1159.87,42569.68,0.0,4608.27,0.0689,-0.628,BELOW_RATED,0
10.859,11.337,11.9678,1160.88,42446.0,0.0,4913.28,0.0567,-1.737,BELOW_RATED,0
10.9091,11.212,11.9761,1161.68,42350.41,0.0,4719.26,-0.0252,-0.614,BELOW_RATED,0
10.9591,11.602,11.9778,1161.85,42456.57,0.0,4976.74,0.0107,-0.828,RATED_POWER,0
11.0092,11.72,11.9774,1161.81,42547.57,0.0,4998.16,-0.0565,-0.347,RATED_POWER,0
11.0592,11.539,11.9745,1161.52,42625.56,0.0,4995.64,-0.0389,-0.395,RATED_POWER,0
11.1093,11.263,11.9729,1161.37,42510.96,0.0,4774.02,-0.0977,-1.468,BELOW_RATED,0
11.1593,11.632,11.9834,1162.39,42594.18,0.0,5000.63,-0.1575,-1.04,RATED_POWER,0
11.2093,11.281,11.9879,1162.83,42492.93,0.0,4837.54,-0.1583,-0.883,BELOW_RATED,0
11.2594,11.526,11.9841,1162.45,42578.73,0.0,4979.32,-0.1584,-1.754,RATED_POWER,0
11.3094,11.238,11.985,1162.54,42480.39,0.0,4777.61,-0.2083,-1.324,BELOW_RATED,0
11.3595,11.202,11.9927,1163.29,42396.99,0.0,4717.2,-0.1863,-0.759,BELOW_RATED,0
11.4095,11.2,11.9991,1163.91,42333.2,0.0,4729.08,-0.2162,-1.313,BELOW_RATED,0
11.4595,11.486,12.0042,1164.4,42441.82,0.0,4969.27,-0.2534,-1.261,RATED_POWER,0
11.5096,11.352,12.0055,1164.53,42383.11,0.0,4900.2,-0.2522,-0.801,BELOW_RATED,0
11.5596,11.573,11.9994,1163.94,42484.6,0.0,4952.24,-0.2807,-1.137,RATED_POWER,0
11.6097,11.228,12.0015,1164.14,42415.04,0.0,4755.74,-0.264,-0.38,BELOW_RATED,0
11.6597,11.587,12.0075,1164.73,42511.97,0.0,4986.38,-0.2746,-1.102,RATED_POWER,0
11.7098,11.366,12.0097,1164.94,42446.63,0.0,4942.61,-0.2813,-1.429,BELOW_RATED,0
11.7598,11.742,12.0201,1165.95,42539.05,0.062,4960.47,-0.3018,-1.571,RATED_POWER,0
11.8098,11.696,12.027,1166.61,42618.26,0.015,4971.18,-0.2838,-1.198,RATED_POWER,0
11.8599,11.45,12.0311,1167.02,42686.16,0.0,5002.18,-0.2677,-1.605,RATED_POWER,0
11.9099,11.516,12.0327,1167.18,42744.36,0.0,4966.66,-0.2466,-1.775,RATED_POWER,0
11.96,11.544,12.0334,1167.24,42794.24,0.0,4984.94,-0.2225,-1.66,RATED_POWER,0
12.01,11.589,12.0347,1167.37,42837.0,0.0,5011.61,-0.2333,-1.725,RATED_POWER,0
12.0601,11.442,12.0402,1167.9,42873.65,0.0,4989.34,-0.2046,-0.98,RATED_POWER,0
12.1101,11.717,12.04,1167.88,42905.07,0.08,4977.45,-0.2158,-1.297,RATED_POWER,0
12.1601,11.396,12.0523,1169.08,42816.09,0.0,4996.84,-0.1639,-1.714,BELOW_RATED,0
12.2102,11.114,12.0476,1168.62,42752.22,0.0,4616.0,-0.1719,-1.736,BELOW_RATED,0
12.2602,11.548,12.0473,1168.59,42800.98,0.0,4993.38,-0.1163,-1.54,RATED_POWER,0
12.3103,11.478,12.0529,1169.13,42842.78,0.0,5002.33,-0.0957,-1.794,RATED_POWER,0
12.3603,11.666,12.0555,1169.38,42878.6,0.028,4995.53,-0.0851,-1.528,RATED_POWER,0
12.4103,11.619,12.0544,1169.28,42909.31,0.0,5007.51,-0.051,-2.225,RATED_POWER,0
12.4604,11.526,12.0621,1170.02,42935.63,0.0,5016.28,-0.0041,-2.013,RATED_POWER,0
12.5104,11.521,12.0596,1169.79,42958.19,0.0,4992.98,-0.0032,-1.454,RATED_POWER,0
12.5605,11.525,12.0582,1169.64,42977.53,0.0,4990.76,0.0414,-1.829,RATED_POWER,0
12.6105,11.368,12.0543,1169.27,42896.46,0.0,4954.88,0.0543,-1.685,BELOW_RATED,0
12.6606,11.256,12.0539,1169.23,42823.08,0.0,4801.84,0.073,-2.074,BELOW_RATED,0
12.7106,11.335,12.0557,1169.4,42759.77,0.0,4884.99,0.1346,-1.811,BELOW_RATED,0
12.7606,11.481,12.0578,1169.61,42807.45,0.0,4978.24,0.1351,-2.103,RATED_POWER,0
12.8107,11.045,12.0427,1168.14,42750.32,0.0,4507.13,0.1708,-2.341,BELOW_RATED,0
12.8607,11.411,12.0434,1168.21,42799.35,0.0,5004.75,0.1778,-1.846,RATED_POWER,0
12.9108,11.301,12.0419,1168.07,42728.85,0.0,4849.9,0.2152,-2.123,BELOW_RATED,0
12.9608,11.479,12.0328,1167.18,42780.95,0.0,4973.66,0.2215,-1.736,RATED_POWER,0
13.0108,11.333,12.03,1166.91,42702.45,0.0,4915.88,0.208,-2.296,BELOW_RATED,0
13.0609,11.507,12.0309,1167.0,42758.32,0.0,4983.25,0.2449,-1.784,RATED_POWER,0
13.1109,11.448,12.0252,1166.44,42806.21,0.0,4979.65,0.2583,-2.762,RATED_POWER,0
13.161,11.752,12.0281,1166.73,42847.26,0.07,4992.46,0.2891,-1.709,RATED_POWER,0
13.211,11.423,12.025,1166.42,42882.44,0.0,5002.37,0.2782,-2.359,RATED_POWER,0
13.2611,11.442,12.0198,1165.92,42912.6,0.0,5005.24,0.2522,-1.89,RATED_POWER,0
13.3111,11.495,12.0209,1166.03,42938.45,0.0,5006.36,0.2685,-2.835,RATED_POWER,0
13.3611,11.125,12.018,1165.74,42825.54,0.0,4630.82,0.2706,-2.196,BELOW_RATED,0
13.4112,11.272,12.0165,1165.6,42725.85,0.0,4810.98,0.2673,-2.696,BELOW_RATED,0
13.4612,11.773,12.0196,1165.9,42778.38,0.067,4991.79,0.2987,-2.383,RATED_POWER,0
13.5113,11.587,12.0166,1165.61,42823.4,0.0,5012.57,0.2596,-1.913,RATED_POWER,0
13.5613,11.499,12.0138,1165.33,42861.99,0.0,4966.47,0.2321,-2.117,RATED_POWER,0
13.6113,11.697,12.0203,1165.96,42895.07,0.0,5003.01,0.2176,-2.297,RATED_POWER,0
13.6614,11.443,12.0119,1165.15,42923.43,0.0,4972.71,0.1925,-2.395,RATED_POWER,0
13.7114,11.427,12.0171,1165.66,42947.73,0.0,4998.16,0.1973,-3.057,RATED_POWER,0
13.7615,11.414,12.0173,1165.68,42968.56,0.0,4972.54,0.1682,-2.543,RATED_POWER,0
13.8115,11.118,12.0138,1165.34,42847.8,0.0,4623.65,0.1257,-2.82,BELOW_RATED,0
13.8616,11.659,12.0123,1165.19,42882.9,0.0,4972.35,0.0995,-2.64,RATED_POWER,0
13.9116,11.431,12.0148,1165.43,42913.0,0.0,4958.12,0.1175,-2.487,RATED_POWER,0
13.9616,11.448,12.0149,1165.44,42938.79,0.0,4980.11,0.0477,-2.575,RATED_POWER,0
14.0117,11.397,12.0135,1165.31,42819.81,0.0,5000.48,0.0225,-2.435,BELOW_RATED,0
14.0617,11.335,12.0123,1165.19,42716.42,0.0,4940.57,-0.0096,-2.225,BELOW_RATED,0
14.1118,11.007,12.0114,1165.1,42626.63,0.0,4454.24,-0.039,-2.852,BELOW_RATED,0
14.1618,11.487,12.014,1165.36,42693.33,0.0,4994.55,-0.0418,-2.778,RATED_POWER,0
14.2118,11.89,12.0184,1165.78,42750.5,0.206,4982.01,-0.0831,-3.497,RATED_POWER,0
14.2619,11.649,12.0305,1166.96,42799.51,0.0,4980.56,-0.1015,-2.805,RATED_POWER,0
14.3119,11.391,12.0343,1167.33,42716.1,0.0,4968.24,-0.1415,-1.862,BELOW_RATED,0
14.362,11.261,12.042,1168.08,42648.41,0.0,4785.6,-0.1589,-3.006,BELOW_RATED,0
14.412,11.448,12.0489,1168.74,42712.0,0.0,5002.96,-0.171,-2.917,RATED_POWER,0
14.4621,11.514,12.0512,1168.96,42766.51,0.0,4985.44,-0.2115,-2.458,RATED_POWER,0
14.5121,11.412,12.0551,1169.34,42813.23,0.0,5009.36,-0.2123,-1.996,RATED_POWER,0
14.5621,11.6,12.0586,1169.68,42853.27,0.0,4992.29,-0.2358,-2.406,RATED_POWER,0
14.6122,11.239,12.0569,1169.52,42790.37,0.0,4798.05,-0.2258,-2.395,BELOW_RATED,0
14.6622,11.64,12.0592,1169.74,42833.68,0.0,5002.06,-0.2584,-2.548,RATED_POWER,0
14.7123,11.454,12.0559,1169.42,42870.81,0.0,4966.44,-0.2438,-2.43,RATED_POWER,0
14.7623,11.31,12.0552,1169.35,42802.69,0.0,4884.99,-0.2439,-2.841,BELOW_RATED,0
14.8123,11.359,12.0641,1170.22,42743.6,0.0,4956.36,-0.2583,-2.597,BELOW_RATED,0
14.8624,11.482,12.0651,1170.31,42793.6,0.0,5001.77,-0.2769,-2.457,RATED_POWER,0
14.9124,11.561,12.0718,1170.97,42836.45,0.0,5003.23,-0.2921,-3.062,RATED_POWER,0
14.9625,11.419,12.0719,1170.98,42873.17,0.0,4994.61,-0.2866,-2.85,RATED_POWER,0
15.0125,11.518,12.0669,1170.49,42904.66,0.0,4991.8,-0.292,-2.159,RATED_POWER,0
15.0626,11.878,12.0687,1170.66,42931.64,0.298,4997.95,-0.2419,-2.429,RATED_POWER,0
15.1126,11.065,12.0546,1169.29,42867.7,0.0,4568.16,-0.2254,-3.043,BELOW_RATED,0
15.1626,10.988,12.0397,1167.85,42798.68,0.0,4449.05,-0.2126,-1.942,BELOW_RATED,0
15.2127,11.403,12.0358,1167.48,42840.81,0.0,4998.99,-0.1992,-2.854,RATED_POWER,0
15.2627,11.187,12.0352,1167.42,42756.85,0.0,4703.2,-0.1806,-2.488,BELOW_RATED,0
15.3128,11.399,12.0427,1168.14,42684.26,0.0,4994.66,-0.133,-2.532,BELOW_RATED,0
15.3628,11.05,12.0327,1167.17,42629.52,0.0,4536.92,-0.1597,-1.772,BELOW_RATED,0
15.4128,11.394,12.0467,1168.53,42572.6,0.0,5002.62,-0.1047,-2.51,BELOW_RATED,0
15.4629,11.625,12.0531,1169.15,42647.02,0.0,4979.95,-0.0846,-2.361,RATED_POWER,0
15.5129,11.58,12.0591,1169.73,42710.81,0.0,4976.56,-0.0567,-2.549,RATED_POWER,0
15.563,11.134,12.0502,1168.87,42668.73,0.0,4627.22,-0.0296,-2.275,BELOW_RATED,0
15.613,11.287,12.0343,1167.33,42623.8,0.0,4827.14,0.0164,-1.72,BELOW_RATED,0
15.6631,11.521,12.0382,1167.7,42690.91,0.0,4987.14,0.0124,-1.733,RATED_POWER,0
15.7131,11.704,12.0418,1168.06,42748.43,0.0,5002.33,0.0309,-2.703,RATED_POWER,0
15.7631,11.144,12.0456,1168.42,42683.68,0.0,4660.06,0.0761,-3.03,BELOW_RATED,0
15.8132,11.158,12.0442,1168.29,42631.97,0.0,4674.69,0.1154,-2.914,BELOW_RATED,0
15.8632,11.548,12.0407,1167.94,42697.91,0.0,4990.73,0.1316,-2.525,RATED_POWER,0
15.9133,11.247,12.0366,1167.55,42639.2,0.0,4767.98,0.1478,-2.845,BELOW_RATED,0
15.9633,11.108,12.0299,1166.9,42584.77,0.0,4608.46,0.1533,-2.489,BELOW_RATED,0
16.0133,11.518,12.0415,1168.03,42657.46,0.0,4970.69,0.1917,-2.311,RATED_POWER,0
16.0634,10.967,12.0396,1167.84,42605.41,0.0,4433.01,0.2175,-2.036,BELOW_RATED,0
16.1134,11.161,12.0327,1167.17,42558.86,0.0,4659.39,0.2205,-2.265,BELOW_RATED,0
16.1635,11.485,12.0393,1167.82,42635.25,0.0,4982.4,0.2542,-1.999,RATED_POWER,0
16.2135,11.16,12.0279,1166.71,42584.16,0.0,4671.93,0.2476,-2.472,BELOW_RATED,0
16.2636,11.433,12.0258,1166.5,42656.93,0.0,4955.12,0.246,-2.332,RATED_POWER,0
16.3136,11.029,12.016,1165.56,42589.19,0.0,4513.51,0.2417,-2.628,BELOW_RATED,0
16.3636,11.424,12.0208,1166.02,42661.24,0.0,4986.33,0.2906,-2.568,RATED_POWER,0
16.4137,11.357,12.0179,1165.73,42587.84,0.0,4945.63,0.2869,-2.724,BELOW_RATED,0
16.4637,11.581,12.0159,1165.54,42660.09,0.0,5020.06,0.2882,-1.276,RATED_POWER,0
16.5138,11.202,12.0151,1165.47,42581.94,0.0,4720.54,0.2697,-1.667,BELOW_RATED,0
16.5638,11.174,12.0131,1165.27,42514.18,0.0,4680.4,0.2504,-2.325,BELOW_RATED,0
16.6138,11.219,12.0142,1165.37,42454.09,0.0,4763.52,0.2545,-2.404,BELOW_RATED,0
16.6639,11.442,12.0136,1165.32,42545.44,0.0,4974.98,0.2429,-2.721,RATED_POWER,0
16.7139,11.078,12.0131,1165.27,42481.37,0.0,4560.47,0.2075,-2.171,BELOW_RATED,0
16.764,11.191,12.0112,1165.08,42425.93,0.0,4706.38,0.2029,-1.744,BELOW_RATED,0
16.814,11.603,12.0177,1165.71,42521.31,0.0,4955.38,0.2004,-1.239,RATED_POWER,0
16.8641,11.363,12.017,1165.65,42464.75,0.0,4938.89,0.1609,-2.716,BELOW_RATED,0
16.9141,11.345,12.0249,1166.42,42415.65,0.0,4919.54,0.1115,-2.165,BELOW_RATED,0
16.9641,11.089,12.0228,1166.21,42381.45,0.0,4580.73,0.0928,-1.77,BELOW_RATED,0
17.0142,11.359,12.0255,1166.48,42350.0,0.0,4906.06,0.0902,-1.763,BELOW_RATED,0
17.0642,10.947,12.0221,1166.14,42325.82,0.0,4388.51,0.0832,-1.99,BELOW_RATED,0
17.1143,10.875,12.014,1165.36,42301.62,0.0,4312.99,0.0233,-1.934,BELOW_RATED,0
17.1643,10.978,12.0014,1164.13,42272.81,0.0,4404.73,0.0024,-2.239,BELOW_RATED,0
17.2143,11.443,12.0016,1164.15,42390.06,0.0,4989.67,-0.0162,-2.185,RATED_POWER,0
17.2644,11.186,12.0013,1164.13,42336.14,0.0,4680.07,-0.0417,-1.424,BELOW_RATED,0
17.3144,10.958,11.9937,1163.39,42289.68,0.0,4371.74,-0.1012,-1.526,BELOW_RATED,0
17.3645,11.066,11.9931,1163.33,42242.28,0.0,4537.32,-0.0751,-1.673,BELOW_RATED,0
17.4145,11.221,11.9958,1163.59,42201.0,0.0,4724.79,-0.101,-1.059,BELOW_RATED,0
17.4646,11.36,12.0068,1164.66,42168.31,0.0,4926.55,-0.1399,-1.297,BELOW_RATED,0
17.5146,10.789,11.9941,1163.42,42151.29,0.0,4208.05,-0.1619,-1.181,BELOW_RATED,0
17.5646,11.376,12.0044,1164.43,42124.0,0.0,4967.26,-0.1814,-2.148,BELOW_RATED,0
17.6147,11.287,12.0074,1164.72,42110.97,0.0,4830.14,-0.2074,-1.688,BELOW_RATED,0
17.6647,10.954,12.0107,1165.04,42102.76,0.0,4402.43,-0.1928,-1.402,BELOW_RATED,0
17.7148,11.006,12.002,1164.2,42099.01,0.0,4466.61,-0.2282,-1.242,BELOW_RATED,0
17.7648,11.176,11.997,1163.71,42087.15,0.0,4661.74,-0.2438,-1.494,BELOW_RATED,0
17.8148,11.013,11.9896,1163.0,42071.99,0.0,4462.16,-0.2439,-1.573,BELOW_RATED,0
17.8649,11.09,11.9852,1162.56,42051.61,0.0,4578.45,-0.2539,-1.17,BELOW_RATED,0
17.9149,10.843,11.979,1161.96,42029.7,0.0,4244.69,-0.2511,-1.11,BELOW_RATED,0
17.965,10.682,11.9675,1160.85,42004.7,0.0,4088.47,-0.2428,-1.554,BELOW_RATED,0
18.015,11.524,11.9644,1160.55,42160.25,0.0,4948.2,-0.2965,-0.793,RATED_POWER,0
18.0651,11.065,11.9534,1159.48,42102.04,0.0,4554.25,-0.244,-2.267,BELOW_RATED,0
18.1151,11.067,11.9477,1158.93,42041.24,0.0,4550.93,-0.2316,-1.076,BELOW_RATED,0
18.1651,11.116,11.9487,1159.02,41983.45,0.0,4611.36,-0.2365,-2.085,BELOW_RATED,0
18.2152,11.273,11.9481,1158.96,41934.88,0.0,4775.81,-0.243,-0.673,BELOW_RATED,0
18.2652,11.183,11.9435,1158.52,41892.63,0.0,4652.85,-0.2153,-2.266,BELOW_RATED,0
18.3153,10.784,11.9333,1157.53,41851.81,0.0,4180.59,-0.1678,-1.102,BELOW_RATED,0
18.3653,10.958,11.9386,1158.05,41806.76,0.0,4383.21,-0.1702,-1.59,BELOW_RATED,0
18.4153,10.986,11.9376,1157.95,41773.4,0.0,4440.27,-0.1704,-1.171,BELOW_RATED,0
18.4654,11.116,11.9375,1157.94,41743.81,0.0,4615.13,-0.1419,-1.256,BELOW_RATED,0
18.5154,10.835,11.9288,1157.09,41718.3,0.0,4198.57,-0.12,-0.925,BELOW_RATED,0
18.5655,11.023,11.924,1156.63,41687.78,0.0,4465.06,-0.0921,-0.718,BELOW_RATED,0
18.6155,10.983,11.9219,1156.42,41656.92,0.0,4420.98,-0.0651,-1.442,BELOW_RATED,0
18.6656,11.205,11.9186,1156.1,41628.34,0.0,4685.66,-0.0417,-1.459,BELOW_RATED,0
18.7156,10.399,11.9038,1154.67,41600.51,0.0,3715.32,-0.0188,-0.589,BELOW_RATED,0
18.7656,10.927,11.9116,1155.42,41562.05,0.0,4352.31,-0.0243,-1.089,BELOW_RATED,0
18.8157,10.97,11.9108,1155.35,41536.76,0.0,4409.88,0.021,-1.742,BELOW_RATED,0
18.8657,11.028,11.9084,1155.11,41514.34,0.0,4460.37,0.0465,-1.598,BELOW_RATED,0
18.9158,10.883,11.903,1154.59,41492.68,0.0,4259.59,0.0715,-0.999,BELOW_RATED,0
18.9658,10.71,11.8911,1153.44,41468.77,0.0,4077.99,0.1223,-0.226,BELOW_RATED,0
19.0158,11.0,11.8881,1153.15,41436.55,0.0,4419.27,0.1118,-1.267,BELOW_RATED,0
19.0659,10.931,11.8798,1152.34,41405.96,0.0,4354.91,0.1556,-1.202,BELOW_RATED,0
19.1159,10.679,11.8664,1151.04,41371.45,0.0,4057.76,0.1342,-0.579,BELOW_RATED,0
19.166,10.566,11.8597,1150.39,41328.6,0.0,3899.53,0.1839,-0.512,BELOW_RATED,0
19.216,10.941,11.8578,1150.21,41285.32,0.0,4336.06,0.2025,-1.176,BELOW_RATED,0
19.2661,10.646,11.8429,1148.76,41246.3,0.0,4016.33,0.2,-1.282,BELOW_RATED,0
19.3161,10.94,11.8449,1148.96,41198.15,0.0,4368.09,0.2492,-0.313,BELOW_RATED,0
19.3661,11.104,11.8489,1149.35,41158.87,0.0,4520.81,0.259,-0.849,BELOW_RATED,0
19.4162,10.832,11.8435,1148.82,41129.16,0.0,4229.03,0.2505,-0.419,BELOW_RATED,0
19.4662,10.827,11.8455,1149.02,41098.35,0.0,4237.13,0.2407,-0.693,BELOW_RATED,0
19.5163,10.797,11.8519,1149.63,41073.94,0.0,4190.53,0.2499,-0.648,BELOW_RATED,0
19.5663,11.039,11.8558,1150.02,41059.28,0.0,4504.41,0.2527,-0.018,BELOW_RATED,0
19.6163,11.033,11.852,1149.64,41050.61,0.0,4483.93,0.2618,0.421,BELOW_RATED,0
19.6664,10.759,11.8497,1149.43,41039.39,0.0,4135.23,0.231,-0.534,BELOW_RATED,0
19.7164,10.881,11.8461,1149.07,41027.55,0.0,4289.1,0.2402,-0.025,BELOW_RATED,0
19.7665,10.732,11.8417,1148.65,41013.81,0.0,4112.26,0.2476,-0.004,BELOW_RATED,0
19.8165,10.613,11.8378,1148.26,40997.72,0.0,3937.62,0.1763,-0.451,BELOW_RATED,0
19.8666,10.856,11.8381,1148.3,40980.02,0.0,4230.99,0.1818,0.221,BELOW_RATED,0
19.9166,10.675,11.8311,1147.62,40965.2,0.0,4027.54,0.1659,0.252,BELOW_RATED,0
19.9666,10.512,11.8216,1146.7,40945.55,0.0,3841.43,0.1377,-0.489,BELOW_RATED,0
20.0167,10.373,11.8158,1146.13,40919.4,0.0,3675.89,0.1241,-0.197,BELOW_RATED,0
20.0667,10.86,11.8078,1145.36,40891.2,0.0,4230.41,0.125,-0.719,BELOW_RATED,0
20.1168,10.459,11.8017,1144.77,40859.18,0.0,3756.26,0.0629,-0.736,BELOW_RATED,0
20.1668,10.419,11.7895,1143.58,40825.76,0.0,3764.71,0.0822,0.377,BELOW_RATED,0
20.2168,10.578,11.7805,1142.71,40785.11,0.0,3921.77,0.051,0.285,BELOW_RATED,0
20.2669,10.769,11.78,1142.66,40741.47,0.0,4158.97,0.0419,0.924,BELOW_RATED,0
20.3169,10.265,11.7652,1141.23,40703.48,0.0,3579.95,0.0114,-0.21,BELOW_RATED,0
20.367,10.727,11.7584,1140.57,40656.46,0.0,4094.56,-0.0242,0.743,BELOW_RATED,0
20.417,10.668,11.7553,1140.26,40609.5,0.0,4010.22,-0.0603,-0.401,BELOW_RATED,0
20.4671,10.335,11.7479,1139.55,40566.19,0.0,3627.02,-0.0706,0.149,BELOW_RATED,0
20.5171,10.34,11.7388,1138.66,40521.82,0.0,3633.59,-0.0993,0.202,BELOW_RATED,0
20.5671,10.522,11.7291,1137.72,40474.89,0.0,3838.35,-0.1094,-0.595,BELOW_RATED,0
20.6172,10.933,11.7281,1137.63,40425.17,0.0,4320.98,-0.1307,0.801,BELOW_RATED,0
20.6672,10.486,11.7177,1136.62,40381.59,0.0,3780.51,-0.1535,0.167,BELOW_RATED,0
20.7173,10.742,11.72,1136.84,40334.06,0.0,4116.0,-0.1616,0.961,BELOW_RATED,0
20.7673,10.703,11.7145,1136.3,40295.59,0.0,4013.75,-0.2093,0.811,BELOW_RATED,0
20.8173,10.186,11.7097,1135.84,40257.18,0.0,3484.68,-0.1814,0.358,BELOW_RATED,0
20.8674,10.492,11.7056,1135.44,40219.58,0.0,3789.16,-0.2302,0.391,BELOW_RATED,0
20.9174,10.679,11.6991,1134.82,40183.38,0.0,4037.08,-0.2371,1.162,BELOW_RATED,0
20.9675,10.371,11.6913,1134.06,40146.06,0.0,3664.07,-0.2149,0.936,BELOW_RATED,0
21.0175,10.704,11.7015,1135.04,40106.42,0.0,4026.74,-0.2464,0.995,BELOW_RATED,0
21.0676,10.233,11.6932,1134.24,40082.38,0.0,3495.95,-0.2264,1.404,BELOW_RATED,0
21.1176,10.144,11.6786,1132.82,40053.72,0.0,3416.15,-0.2219,0.649,BELOW_RATED,0
21.1676,10.339,11.6743,1132.41,40014.86,0.0,3609.22,-0.2166,1.096,BELOW_RATED,0
21.2177,10.547,11.6642,1131.42,39977.44,0.0,3862.95,-0.2162,1.697,BELOW_RATED,0
21.2677,10.327,11.6583,1130.86,39935.47,0.0,3610.48,-0.2073,0.533,BELOW_RATED,0
21.3178,10.578,11.66,1131.02,39893.85,0.0,3900.89,-0.2308,0.312,BELOW_RATED,0
21.3678,10.073,11.6384,1128.93,39859.82,0.0,3335.39,-0.1917,1.573,BELOW_RATED,0
21.4178,10.255,11.6304,1128.15,39809.7,0.0,3521.83,-0.1676,1.157,BELOW_RATED,0
21.4679,10.633,11.6272,1127.84,39758.93,0.0,3934.77,-0.1807,1.67,BELOW_RATED,0
21.5179,9.857,11.6126,1126.42,39712.32,0.0,3151.75,-0.1416,1.384,BELOW_RATED,0
21.568,10.399,11.6044,1125.63,39658.17,0.0,3671.1,-0.1468,0.632,BELOW_RATED,0
21.618,10.148,11.5988,1125.08,39603.91,0.0,3405.97,-0.128,0.674,BELOW_RATED,0
21.6681,10.165,11.5876,1124.0,39551.96,0.0,3428.17,-0.0858,0.798,BELOW_RATED,0
21.7181,10.237,11.5729,1122.57,39496.65,0.0,3472.94,-0.0634,1.244,BELOW_RATED,0
21.7681,9.997,11.5663,1121.93,39435.03,0.0,3245.65,-0.0415,1.097,BELOW_RATED,0
21.8182,10.465,11.5567,1121.0,39375.84,0.0,3761.02,-0.0504,1.649,BELOW_RATED,0
21.8682,10.385,11.5591,1121.23,39315.81,0.0,3639.16,-0.0101,1.324,BELOW_RATED,0
21.9183,10.5,11.5559,1120.92,39266.71,0.0,3794.29,-0.0042,0.858,BELOW_RATED,0
21.9683,10.277,11.5505,1120.4,39221.53,0.0,3522.47,0.0516,1.05,BELOW_RATED,0
22.0183,10.044,11.535,1118.9,39177.6,0.0,3311.55,0.0504,1.06,BELOW_RATED,0
22.0684,10.351,11.5305,1118.46,39125.08,0.0,3613.86,0.0865,1.419,BELOW_RATED,0
22.1184,9.942,11.5254,1117.96,39075.72,0.0,3172.62,0.0978,1.778,BELOW_RATED,0
22.1685,10.014,11.508,1116.28,39028.5,0.0,3270.52,0.1271,1.124,BELOW_RATED,0
22.2185,10.606,11.518,1117.25,38971.35,0.0,3914.17,0.1346,1.894,BELOW_RATED,0
22.2686,10.389,11.5131,1116.77,38931.96,0.0,3649.14,0.1706,1.824,BELOW_RATED,0
22.3186,10.251,11.5067,1116.15,38893.42,0.0,3488.18,0.19,1.395,BELOW_RATED,0
22.3686,10.447,11.5059,1116.07,38854.29,0.0,3704.32,0.1959,1.337,BELOW_RATED,0
22.4187,10.081,11.4975,1115.26,38819.98,0.0,3322.11,0.1989,1.959,BELOW_RATED,0
22.4687,10.244,11.5026,1115.75,38782.53,0.0,3490.9,0.208,1.571,BELOW_RATED,0
22.5188,9.952,11.4865,1114.19,38755.31,0.0,3211.61,0.196,1.167,BELOW_RATED,0
22.5688,10.036,11.4738,1112.96,38716.52,0.0,3285.87,0.1949,2.391,BELOW_RATED,0
22.6188,10.109,11.4708,1112.67,38671.14,0.0,3348.46,0.2078,1.568,BELOW_RATED,0
22.6689,10.379,11.4744,1113.01,38629.44,0.0,3637.05,0.2237,1.212,BELOW_RATED,0
22.7189,9.928,11.4652,1112.13,38597.07,0.0,3141.72,0.2156,1.751,BELOW_RATED,0
22.769,10.267,11.4609,1111.71,38560.59,0.0,3505.34,0.2069,1.824,BELOW_RATED,0
22.819,10.042,11.4555,1111.19,38525.19,0.0,3276.17,0.2119,1.875,BELOW_RATED,0
22.8691,9.679,11.4384,1109.53,38489.71,0.0,2907.97,0.1631,2.695,BELOW_RATED,0
22.9191,9.632,11.4229,1108.02,38442.98,0.0,2894.53,0.1643,2.671,BELOW_RATED,0
22.9691,9.867,11.4216,1107.9,38388.11,0.0,3089.78,0.1813,1.283,BELOW_RATED,0
23.0192,10.21,11.4172,1107.47,38339.9,0.0,3442.56,0.1735,2.374,BELOW_RATED,0
23.0692,10.034,11.4094,1106.72,38294.38,0.0,3268.49,0.1442,2.902,BELOW_RATED,0
23.1193,10.335,11.4026,1106.06,38247.96,0.0,3568.59,0.1386,2.138,BELOW_RATED,0
23.1693,9.995,11.3837,1104.22,38201.71,0.0,3204.46,0.1186,2.234,BELOW_RATED,0
23.2193,10.23,11.3718,1103.07,38144.09,0.0,3452.39,0.0995,2.07,BELOW_RATED,0
23.2694,9.984,11.3638,1102.29,38083.44,0.0,3170.04,0.0507,1.948,BELOW_RATED,0
23.3194,9.739,11.3583,1101.76,38023.89,0.0,2954.18,0.0477,1.773,BELOW_RATED,0
23.3695,10.053,11.3545,1101.39,37967.59,0.0,3289.98,0.0258,2.1,BELOW_RATED,0
23.4195,9.748,11.3488,1100.84,37915.73,0.0,2956.76,0.0073,1.879,BELOW_RATED,0
23.4696,9.601,11.3389,1099.87,37865.92,0.0,2830.28,0.0036,2.93,BELOW_RATED,0
23.5196,9.722,11.3236,1098.39,37813.82,0.0,2963.07,-0.0133,2.152,BELOW_RATED,0
23.5696,9.782,11.3106,1097.13,37754.75,0.0,3015.71,-0.0532,2.1,BELOW_RATED,0
23.6197,9.898,11.3065,1096.73,37691.84,0.0,3106.8,-0.0713,2.67,BELOW_RATED,0
23.6697,10.006,11.3062,1096.7,37634.05,0.0,3205.69,-0.0929,1.907,BELOW_RATED,0
23.7198,9.945,11.2954,1095.65,37584.19,0.0,3157.01,-0.1012,1.557,BELOW_RATED,0
23.7698,10.23,11.3047,1096.55,37531.31,0.0,3481.31,-0.1117,1.017,BELOW_RATED,0
23.8198,9.405,11.2904,1095.17,37494.73,0.0,2656.01,-0.1185,2.9,BELOW_RATED,0
23.8699,9.75,11.2835,1094.5,37449.95,0.0,2938.4,-0.1654,2.412,BELOW_RATED,0
23.9199,10.293,11.2899,1095.12,37405.08,0.0,3520.89,-0.1848,2.976,BELOW_RATED,0
23.97,9.699,11.2755,1093.73,37372.64,0.0,2904.27,-0.1623,2.543,BELOW_RATED,0
24.02,9.496,11.272,1093.39,37331.31,0.0,2714.62,-0.2065,2.259,BELOW_RATED,0
24.0701,9.585,11.2664,1092.84,37292.61,0.0,2795.59,-0.2027,2.664,BELOW_RATED,0
24.1201,9.529,11.2542,1091.66,37254.12,0.0,2759.72,-0.1933,1.851,BELOW_RATED,0
24.1701,9.613,11.2559,1091.82,37209.68,0.0,2819.98,-0.1791,1.73,BELOW_RATED,0
24.2202,10.047,11.2531,1091.55,37173.21,0.0,3221.75,-0.2372,1.795,BELOW_RATED,0
24.2702,9.406,11.2405,1090.33,37139.35,0.0,2643.03,-0.182,2.592,BELOW_RATED,0
24.3203,9.535,11.2214,1088.47,37098.48,0.0,2751.24,-0.2163,3.105,BELOW_RATED,0
24.3703,9.947,11.224,1088.73,37045.55,0.0,3140.03,-0.2304,2.893,BELOW_RATED,0
24.4204,9.709,11.2132,1087.68,37002.63,0.0,2893.25,-0.214,3.118,BELOW_RATED,0
24.4704,9.703,11.2119,1087.55,36955.79,0.0,2899.06,-0.1636,1.698,BELOW_RATED,0
24.5204,9.549,11.2084,1087.22,36914.34,0.0,2768.6,-0.1332,2.698,BELOW_RATED,0
24.5705,9.802,11.2008,1086.48,36875.64,0.0,2972.48,-0.1388,1.993,BELOW_RATED,0
24.6205,9.395,11.1916,1085.58,36835.31,0.0,2645.12,-0.1456,2.75,BELOW_RATED,0
24.6706,9.78,11.1937,1085.79,36792.16,0.0,2978.39,-0.1365,1.697,BELOW_RATED,0
24.7206,9.599,11.1882,1085.26,36757.11,0.0,2802.11,-0.119,2.223,BELOW_RATED,0
24.7706,9.524,11.1769,1084.16,36721.98,0.0,2774.36,-0.0876,2.936,BELOW_RATED,0
24.8207,9.442,11.1608,1082.6,36681.32,0.0,2689.0,-0.0671,2.666,BELOW_RATED,0
24.8707,9.728,11.1538,1081.92,36631.51,0.0,2913.86,-0.0694,2.837,BELOW_RATED,0
24.9208,9.593,11.1527,1081.81,36582.31,0.0,2808.35,-0.0308,2.592,BELOW_RATED,0
24.9708,9.433,11.1485,1081.4,36539.06,0.0,2654.38,-0.0173,2.6,BELOW_RATED,0
25.0209,9.523,11.1383,1080.42,36498.13,0.0,2744.88,0.0061,2.014,BELOW_RATED,0
25.0709,9.276,11.1169,1078.34,36453.6,0.0,2494.15,0.0492,2.507,BELOW_RATED,0
25.1209,9.732,11.1217,1078.8,36395.59,0.0,2942.35,0.0445,3.502,BELOW_RATED,0
25.171,9.74,11.119,1078.55,36350.27,0.0,2933.89,0.057,2.678,BELOW_RATED,0
25.221,9.678,11.1136,1078.02,36308.97,0.0,2877.33,0.1146,2.773,BELOW_RATED,0
25.2711,9.496,11.0995,1076.65,36268.55,0.0,2679.83,0.0844,3.271,BELOW_RATED,0
25.3211,9.528,11.0907,1075.8,36220.86,0.0,2694.61,0.1062,2.627,BELOW_RATED,0
25.3711,9.14,11.0717,1073.96,36171.79,0.0,2415.2,0.1412,2.208,BELOW_RATED,0
25.4212,9.327,11.0684,1073.63,36112.23,0.0,2540.19,0.167,2.278,BELOW_RATED,0
25.4712,9.339,11.0663,1073.43,36058.08,0.0,2560.76,0.1397,2.454,BELOW_RATED,0
25.5213,9.349,11.0578,1072.6,36009.78,0.0,2553.22,0.1701,1.999,BELOW_RATED,0
25.5713,9.49,11.0463,1071.49,35960.5,0.0,2689.97,0.1857,2.041,BELOW_RATED,0
25.6214,9.262,11.0372,1070.6,35907.71,0.0,2514.05,0.1755,2.236,BELOW_RATED,0
25.6714,9.19,11.0309,1070.0,35854.03,0.0,2458.18,0.1729,2.559,BELOW_RATED,0
25.7214,9.567,11.0267,1069.59,35802.29,0.0,2763.07,0.2119,2.148,BELOW_RATED,0
25.7715,9.25,11.0261,1069.53,35754.08,0.0,2481.88,0.1792,2.636,BELOW_RATED,0
25.8215,9.171,11.0148,1068.43,35712.2,0.0,2417.27,0.1427,3.252,BELOW_RATED,0
25.8716,8.883,10.9986,1066.86,35665.87,0.0,2190.69,0.184,2.338,BELOW_RATED,0
25.9216,9.001,10.9821,1065.26,35611.32,0.0,2297.74,0.1552,2.39,BELOW_RATED,0
25.9716,9.216,10.9777,1064.84,35549.44,0.0,2449.85,0.1773,1.916,BELOW_RATED,0
26.0217,9.304,10.9612,1063.23,35492.41,0.0,2530.13,0.1761,2.94,BELOW_RATED,0
26.0717,8.88,10.9538,1062.52,35428.42,0.0,2182.39,0.1478,2.836,BELOW_RATED,0
26.1218,9.221,10.9381,1060.99,35366.86,0.0,2444.79,0.1352,2.497,BELOW_RATED,0
26.1718,9.277,10.9401,1061.19,35299.73,0.0,2490.62,0.1199,1.966,BELOW_RATED,0
26.2219,9.098,10.9243,1059.66,35243.99,0.0,2343.78,0.0753,2.709,BELOW_RATED,0
26.2719,9.197,10.917,1058.95,35181.84,0.0,2417.96,0.0997,2.174,BELOW_RATED,0
26.3219,9.456,10.9232,1059.55,35121.96,0.0,2617.16,0.0606,2.458,BELOW_RATED,0
26.372,9.011,10.904,1057.69,35076.25,0.0,2276.1,0.0723,1.505,BELOW_RATED,0
26.422,8.809,10.8874,1056.08,35019.64,0.0,2129.34,0.0377,1.84,BELOW_RATED,0
26.4721,9.06,10.8845,1055.8,34955.99,0.0,2290.55,0.0334,2.544,BELOW_RATED,0
26.5221,8.947,10.867,1054.1,34898.85,0.0,2227.01,0.0011,2.378,BELOW_RATED,0
26.5721,9.101,10.8593,1053.35,34834.01,0.0,2355.08,0.012,2.631,BELOW_RATED,0
26.6222,9.238,10.8507,1052.52,34771.44,0.0,2448.94,-0.0323,3.131,BELOW_RATED,0
26.6722,9.264,10.8467,1052.13,34710.04,0.0,2464.75,-0.0533,2.11,BELOW_RATED,0
26.7223,9.138,10.8355,1051.04,34653.79,0.0,2367.87,-0.0472,1.702,BELOW_RATED,0
26.7723,9.342,10.8308,1050.59,34595.44,0.0,2539.16,-0.0845,2.294,BELOW_RATED,0
26.8224,9.122,10.8196,1049.5,34541.21,0.0,2388.53,-0.1298,2.131,BELOW_RATED,0
26.8724,9.243,10.8185,1049.4,34484.58,0.0,2454.59,-0.124,1.947,BELOW_RATED,0
26.9224,9.095,10.8125,1048.81,34435.12,0.0,2315.64,-0.1085,1.905,BELOW_RATED,0
26.9725,9.068,10.8124,1048.8,34387.24,0.0,2291.1,-0.1524,2.377,BELOW_RATED,0
27.0225,8.899,10.8009,1047.69,34346.17,0.0,2157.95,-0.1268,2.044,BELOW_RATED,0
27.0726,8.989,10.7959,1047.2,34300.57,0.0,2214.26,-0.1425,2.346,BELOW_RATED,0
27.1226,8.861,10.7862,1046.26,34256.97,0.0,2124.2,-0.1369,2.34,BELOW_RATED,0
27.1726,8.904,10.7704,1044.73,34210.88,0.0,2149.76,-0.1712,2.02,BELOW_RATED,0
27.2227,8.966,10.7604,1043.76,34157.25,0.0,2205.42,-0.1901,2.027,BELOW_RATED,0
27.2727,9.17,10.7656,1044.27,34102.27,0.0,2372.88,-0.1562,1.679,BELOW_RATED,0
27.3228,8.876,10.7688,1044.57,34059.84,0.0,2122.64,-0.1595,1.633,BELOW_RATED,0
27.3728,9.039,10.7665,1044.35,34026.32,0.0,2238.2,-0.1795,2.277,BELOW_RATED,0
27.4229,8.655,10.756,1043.33,33995.5,0.0,1998.2,-0.1462,1.486,BELOW_RATED,0
27.4729,8.834,10.746,1042.36,33959.65,0.0,2131.22,-0.1923,2.311,BELOW_RATED,0
27.5229,9.134,10.7504,1042.79,33919.99,0.0,2337.83,-0.1661,1.874,BELOW_RATED,0
27.573,8.936,10.7397,1041.75,33889.96,0.0,2172.29,-0.1567,2.342,BELOW_RATED,0
27.623,8.492,10.7114,1039.01,33854.61,0.0,1879.35,-0.0954,1.728,BELOW_RATED,0
27.6731,8.837,10.7031,1038.2,33799.04,0.0,2095.63,-0.1516,1.336,BELOW_RATED,0
27.7231,8.782,10.6966,1037.57,33744.01,0.0,2053.65,-0.1083,1.278,BELOW_RATED,0
27.7731,8.582,10.6835,1036.3,33690.98,0.0,1939.64,-0.1103,1.814,BELOW_RATED,0
27.8232,8.456,10.6622,1034.23,33633.87,0.0,1829.73,-0.0824,2.186,BELOW_RATED,0
27.8732,8.605,10.6419,1032.26,33565.98,0.0,1948.12,-0.115,1.274,BELOW_RATED,0
27.9233,8.57,10.6234,1030.47,33489.75,0.0,1903.37,-0.072,0.784,BELOW_RATED,0
27.9733,8.915,10.6266,1030.78,33408.05,0.0,2165.64,-0.0609,2.129,BELOW_RATED,0
28.0234,8.876,10.6273,1030.85,33340.85,0.0,2133.82,-0.0286,1.207,BELOW_RATED,0
28.0734,8.877,10.625,1030.63,33283.88,0.0,2100.4,-0.0161,1.46,BELOW_RATED,0
28.1234,8.954,10.625,1030.62,33233.03,0.0,2179.62,-0.0104,1.125,BELOW_RATED,0
28.1735,8.29,10.6216,1030.29,33189.39,0.0,1744.28,0.0272,1.07,BELOW_RATED,0
28.2235,8.659,10.6158,1029.73,33149.0,0.0,1966.18,0.0075,1.733,BELOW_RATED,0
28.2736,8.771,10.6039,1028.58,33109.24,0.0,2036.75,0.0567,1.277,BELOW_RATED,0
28.3236,8.557,10.5781,1026.07,33064.64,0.0,1870.38,0.0309,2.036,BELOW_RATED,0
28.3736,8.554,10.5671,1025.01,33003.65,0.0,1884.0,0.0836,1.254,BELOW_RATED,0
28.4237,8.508,10.5524,1023.58,32941.7,0.0,1886.69,0.1193,1.366,BELOW_RATED,0
28.4737,8.69,10.5419,1022.57,32875.67,0.0,1994.69,0.1105,1.487,BELOW_RATED,0
28.5238,8.634,10.5434,1022.71,32809.83,0.0,1950.46,0.1288,1.341,BELOW_RATED,0
28.5738,8.88,10.5393,1022.31,32754.72,0.0,2107.59,0.1188,0.922,BELOW_RATED,0
28.6239,8.701,10.5282,1021.24,32703.87,0.0,1987.73,0.1594,0.89,BELOW_RATED,0
28.6739,8.654,10.5255,1020.98,32650.56,0.0,1946.33,0.1326,1.016,BELOW_RATED,0
28.7239,8.596,10.5186,1020.3,32602.51,0.0,1886.69,0.1398,0.782,BELOW_RATED,0
28.774,8.432,10.5099,1019.46,32555.23,0.0,1795.58,0.1204,0.615,BELOW_RATED,0
28.824,8.603,10.4979,1018.3,32507.06,0.0,1905.69,0.1569,0.402,BELOW_RATED,0
28.8741,8.732,10.4969,1018.2,32455.3,0.0,2029.13,0.1605,0.774,BELOW_RATED,0
28.9241,8.65,10.4892,1017.46,32410.08,0.0,1950.21,0.1736,0.993,BELOW_RATED,0
28.9741,8.332,10.476,1016.17,32364.6,0.0,1766.2,0.1602,0.815,BELOW_RATED,0
29.0242,8.232,10.454,1014.04,32314.04,0.0,1679.66,0.1428,0.32,BELOW_RATED,0
29.0742,8.663,10.4536,1014.0,32251.56,0.0,1963.46,0.1847,1.403,BELOW_RATED,0
29.1243,8.55,10.4435,1013.02,32197.6,0.0,1873.59,0.1609,1.026,BELOW_RATED,0
29.1743,8.56,10.4377,1012.45,32142.62,0.0,1837.61,0.13,0.441,BELOW_RATED,0
29.2244,8.32,10.4224,1010.98,32090.36,0.0,1729.3,0.1347,0.332,BELOW_RATED,0
29.2744,8.629,10.4205,1010.79,32032.35,0.0,1914.47,0.1322,1.286,BELOW_RATED,0
29.3244,8.615,10.4173,1010.48,31980.96,0.0,1926.75,0.1146,0.079,BELOW_RATED,0
29.3745,8.408,10.4056,1009.34,31934.09,0.0,1780.24,0.058,0.331,BELOW_RATED,0
29.4245,8.564,10.407,1009.48,31883.8,0.0,1850.96,0.0771,-0.139,BELOW_RATED,0
29.4746,8.255,10.3983,1008.64,31841.93,0.0,1664.03,0.0722,0.138,BELOW_RATED,0
29.5246,8.411,10.3938,1008.2,31798.47,0.0,1760.15,0.0484,0.114,BELOW_RATED,0
29.5746,8.016,10.3833,1007.18,31757.34,0.0,1543.44,0.0344,-0.045,BELOW_RATED,0
29.6247,8.349,10.3844,1007.29,31712.97,0.0,1749.35,0.0233,0.283,BELOW_RATED,0
29.6747,8.888,10.3821,1007.06,31675.9,0.0,2108.62,0.012,-0.009,BELOW_RATED,0
29.7248,8.527,10.3776,1006.63,31642.11,0.0,1847.28,-0.0047,-0.179,BELOW_RATED,0
29.7748,8.721,10.3743,1006.31,31609.29,0.0,1991.02,-0.0025,0.995,BELOW_RATED,0
29.8249,8.483,10.3648,1005.39,31578.31,0.0,1821.07,-0.0545,0.347,BELOW_RATED,0
29.8749,8.406,10.3661,1005.51,31543.52,0.0,1767.46,-0.0922,-0.119,BELOW_RATED,0
29.9249,8.392,10.3588,1004.8,31514.83,0.0,1762.3,-0.0936,0.447,BELOW_RATED,0
29.975,8.259,10.3469,1003.65,31483.93,0.0,1679.17,-0.1081,1.189,BELOW_RATED,0
30.025,8.475,10.3456,1003.53,31447.18,0.0,1801.84,-0.1027,0.24,BELOW_RATED,0
30.0751,8.173,10.3324,1002.24,31414.58,0.0,1609.97,-0.0998,0.432,BELOW_RATED,0
30.1251,8.319,10.3229,1001.32,31375.2,0.0,1691.52,-0.1308,-0.529,BELOW_RATED,0
30.1751,8.953,10.3276,1001.78,31333.34,0.0,2143.78,-0.1375,-0.695,BELOW_RATED,0
30.2252,8.391,10.3313,1002.14,31301.48,0.0,1760.72,-0.1358,-0.413,BELOW_RATED,0
30.2752,8.186,10.321,1001.14,31277.37,0.0,1612.17,-0.1619,-0.059,BELOW_RATED,0
30.3253,8.484,10.3168,1000.73,31247.82,0.0,1815.46,-0.1322,-0.396,BELOW_RATED,0
30.3753,8.348,10.3126,1000.32,31218.89,0.0,1726.53,-0.1479,-0.346,BELOW_RATED,0
30.4254,8.199,10.3042,999.51,31190.48,0.0,1644.07,-0.1408,-0.494,BELOW_RATED,0
30.4754,8.019,10.2989,998.99,31158.94,0.0,1512.72,-0.1354,-0.273,BELOW_RATED,0
30.5254,8.199,10.2939,998.51,31127.32,0.0,1635.36,-0.1528,-0.199,BELOW_RATED,0
30.5755,8.134,10.275,996.68,31095.9,0.0,1591.38,-0.145,-0.578,BELOW_RATED,0
30.6255,8.223,10.2736,996.54,31052.81,0.0,1650.2,-0.1634,-0.632,BELOW_RATED,0
30.6756,8.28,10.2718,996.37,31014.65,0.0,1649.28,-0.1507,-0.921,BELOW_RATED,0
30.7256,8.251,10.2684,996.04,30980.44,0.0,1656.45,-0.1345,-0.569,BELOW_RATED,0
30.7756,7.996,10.259,995.12,30948.21,0.0,1504.7,-0.1228,-0.057,BELOW_RATED,0
30.8257,8.279,10.2603,995.25,30912.49,0.0,1679.61,-0.1315,-0.67,BELOW_RATED,0
30.8757,8.247,10.2506,994.31,30883.0,0.0,1635.7,-0.1134,-0.359,BELOW_RATED,0
30.9258,7.861,10.2432,993.59,30849.48,0.0,1445.06,-0.0664,-0.483,BELOW_RATED,0
30.9758,8.211,10.2418,993.45,30814.42,0.0,1620.96,-0.0786,-1.495,BELOW_RATED,0
31.0259,8.119,10.2398,993.26,30783.15,0.0,1559.09,-0.0668,-1.064,BELOW_RATED,0
31.0759,8.203,10.2316,992.47,30754.65,0.0,1628.89,-0.0411,-1.272,BELOW_RATED,0
31.1259,7.898,10.227,992.02,30723.23,0.0,1440.18,-0.0421,-1.373,BELOW_RATED,0
31.176,8.042,10.2223,991.57,30692.38,0.0,1532.82,-0.005,-1.653,BELOW_RATED,0
31.226,8.049,10.2138,990.74,30661.94,0.0,1507.94,0.0076,-0.402,BELOW_RATED,0
31.2761,7.84,10.1968,989.09,30628.62,0.0,1381.18,0.0053,-0.664,BELOW_RATED,0
31.3261,8.181,10.1914,988.57,30585.57,0.0,1571.82,0.0325,-1.246,BELOW_RATED,0
31.3761,8.009,10.1914,988.56,30544.1,0.0,1527.34,0.011,-0.621,BELOW_RATED,0
31.4262,8.138,10.184,987.85,30508.5,0.0,1572.66,0.0642,-1.144,BELOW_RATED,0
31.4762,7.85,10.1735,986.83,30471.73,0.0,1393.0,0.0792,-0.398,BELOW_RATED,0
31.5263,7.762,10.1709,986.58,30431.32,0.0,1377.75,0.0605,-0.962,BELOW_RATED,0
31.5763,7.801,10.1528,984.82,30394.5,0.0,1366.14,0.0754,-1.113,BELOW_RATED,0
31.6264,7.587,10.1362,983.21,30347.58,0.0,1286.81,0.0778,-1.081,BELOW_RATED,0
31.6764,7.861,10.1195,981.59,30293.29,0.0,1420.38,0.0902,-1.384,BELOW_RATED,0
31.7264,8.087,10.1188,981.53,30232.69,0.0,1536.75,0.0933,-0.985,BELOW_RATED,0
31.7765,8.292,10.1136,981.02,30180.19,0.0,1654.35,0.1281,-1.172,BELOW_RATED,0
31.8265,8.229,10.1143,981.09,30130.75,0.0,1625.33,0.1569,-1.68,BELOW_RATED,0
31.8766,8.251,10.1207,981.7,30088.99,0.0,1616.02,0.1301,-1.806,BELOW_RATED,0
31.9266,8.242,10.1131,980.97,30058.57,0.0,1650.14,0.1441,-1.107,BELOW_RATED,0
31.9766,8.405,10.1152,981.17,30026.08,0.0,1728.69,0.1676,-1.361,BELOW_RATED,0
32.0267,8.004,10.1065,980.33,30000.02,0.0,1473.17,0.1316,-0.617,BELOW_RATED,0
32.0767,8.148,10.1142,981.08,29970.41,0.0,1552.29,0.1405,-1.422,BELOW_RATED,0
32.1268,8.081,10.1136,981.02,29951.5,0.0,1499.68,0.141,-1.322,BELOW_RATED,0
32.1768,7.419,10.0911,978.84,29934.76,0.0,1191.31,0.1336,-1.643,BELOW_RATED,0
32.2269,7.967,10.0881,978.54,29901.47,0.0,1477.83,0.1226,-1.659,BELOW_RATED,0
32.2769,7.939,10.0849,978.23,29870.4,0.0,1424.34,0.0868,-1.449,BELOW_RATED,0
32.3269,7.997,10.081,977.86,29841.06,0.0,1480.01,0.1123,-1.135,BELOW_RATED,0
32.377,7.807,10.0778,977.54,29812.67,0.0,1381.29,0.1174,-1.942,BELOW_RATED,0
32.427,7.754,10.062,976.01,29785.63,0.0,1355.94,0.0602,-2.132,BELOW_RATED,0
32.4771,7.792,10.0436,974.23,29749.18,0.0,1354.43,0.0887,-1.937,BELOW_RATED,0
32.5271,8.037,10.0364,973.53,29702.56,0.0,1488.85,0.0617,-1.18,BELOW_RATED,0
32.5771,7.975,10.0383,973.72,29656.57,0.0,1455.6,0.0777,-1.607,BELOW_RATED,0
32.6272,8.175,10.0428,974.15,29618.75,0.0,1568.72,0.0658,-1.746,BELOW_RATED,0
32.6772,7.609,10.0295,972.86,29590.1,0.0,1264.79,0.0222,-2.483,BELOW_RATED,0
32.7273,8.088,10.0259,972.51,29554.37,0.0,1530.87,0.021,-1.275,BELOW_RATED,0
32.7773,8.24,10.0295,972.87,29520.77,0.0,1600.39,0.021,-1.874,BELOW_RATED,0
32.8274,7.659,10.0176,971.71,29495.02,0.0,1281.69,-0.0067,-2.129,BELOW_RATED,0
32.8774,7.853,10.02,971.94,29463.0,0.0,1398.35,-0.0221,-2.099,BELOW_RATED,0
32.9274,7.504,10.0044,970.42,29437.54,0.0,1228.78,-0.0225,-2.419,BELOW_RATED,0
32.9775,7.252,9.9829,968.34,29402.66,0.0,1079.08,-0.0302,-2.009,BELOW_RATED,0
33.0275,7.533,9.9831,968.36,29354.85,0.0,1223.55,-0.0573,-2.146,BELOW_RATED,0
33.0776,7.811,9.9713,967.22,29314.07,0.0,1366.95,-0.0804,-2.235,BELOW_RATED,0
33.1276,7.84,9.9721,967.3,29269.32,0.0,1382.23,-0.0813,-1.912,BELOW_RATED,0
33.1776,7.708,9.9589,966.01,29231.63,0.0,1299.79,-0.0757,-2.251,BELOW_RATED,0
33.2277,7.913,9.9604,966.16,29188.35,0.0,1426.42,-0.0788,-1.698,BELOW_RATED,0
33.2777,7.848,9.9657,966.67,29152.51,0.0,1390.93,-0.1242,-2.026,BELOW_RATED,0
33.3278,8.157,9.9627,966.38,29126.17,0.0,1544.07,-0.1253,-2.111,BELOW_RATED,0
33.3778,7.471,9.9506,965.2,29101.1,0.0,1186.38,-0.1248,-3.172,BELOW_RATED,0
33.4279,7.574,9.9422,964.4,29069.53,0.0,1238.65,-0.0971,-2.18,BELOW_RATED,0
33.4779,7.627,9.919,962.14,29035.59,0.0,1256.88,-0.0939,-2.066,BELOW_RATED,0
33.5279,7.609,9.9113,961.4,28987.22,0.0,1259.55,-0.1321,-1.336,BELOW_RATED,0
33.578,7.638,9.9056,960.84,28939.46,0.0,1281.57,-0.1043,-2.267,BELOW_RATED,0
33.628,8.221,9.9165,961.9,28893.8,0.0,1589.99,-0.1471,-2.491,BELOW_RATED,0
33.6781,7.65,9.9148,961.74,28863.66,0.0,1284.8,-0.1255,-2.023,BELOW_RATED,0
33.7281,7.853,9.9104,961.3,28836.44,0.0,1385.02,-0.1247,-1.465,BELOW_RATED,0
33.7781,7.419,9.8932,959.64,28809.42,0.0,1152.96,-0.1099,-2.524,BELOW_RATED,0
33.8282,7.562,9.8881,959.14,28772.1,0.0,1194.77,-0.1087,-2.164,BELOW_RATED,0
33.8782,7.878,9.8903,959.36,28735.88,0.0,1378.1,-0.1175,-2.525,BELOW_RATED,0
33.9283,7.903,9.8884,959.17,28706.65,0.0,1395.91,-0.0777,-2.101,BELOW_RATED,0
33.9783,7.357,9.8692,957.31,28680.04,0.0,1151.76,-0.0916,-1.912,BELOW_RATED,0
34.0284,8.121,9.8764,958.01,28641.46,0.0,1516.97,-0.1169,-2.643,BELOW_RATED,0
34.0784,7.769,9.8769,958.06,28614.27,0.0,1349.22,-0.0692,-2.093,BELOW_RATED,0
34.1284,7.517,9.8672,957.12,28591.42,0.0,1219.34,-0.0656,-1.327,BELOW_RATED,0
34.1785,7.769,9.8657,956.97,28563.85,0.0,1319.75,-0.0375,-2.329,BELOW_RATED,0
34.2285,7.533,9.8527,955.71,28538.94,0.0,1207.93,-0.0606,-2.034,BELOW_RATED,0
34.2786,7.359,9.8436,954.82,28506.96,0.0,1135.1,-0.0198,-2.233,BELOW_RATED,0
34.3286,7.696,9.8433,954.8,28472.03,0.0,1281.92,-0.0096,-2.018,BELOW_RATED,0
34.3786,7.824,9.8433,954.8,28441.9,0.0,1365.13,0.0165,-3.12,BELOW_RATED,0
34.4287,7.87,9.843,954.78,28416.08,0.0,1374.65,0.0285,-2.367,BELOW_RATED,0
34.4787,7.295,9.8367,954.16,28393.72,0.0,1111.86,-0.0095,-2.706,BELOW_RATED,0
34.5288,7.439,9.8247,953.0,28369.37,0.0,1157.95,0.0389,-2.368,BELOW_RATED,0
34.5788,7.592,9.8213,952.67,28338.66,0.0,1229.2,0.0569,-1.856,BELOW_RATED,0
34.6289,7.848,9.8193,952.47,28309.56,0.0,1372.54,0.0819,-2.587,BELOW_RATED,0
34.6789,7.897,9.8273,953.25,28282.93,0.0,1381.61,0.0738,-2.483,BELOW_RATED,0
34.7289,7.535,9.8264,953.16,28266.65,0.0,1216.86,0.0662,-2.506,BELOW_RATED,0
34.779,7.361,9.8184,952.39,28252.0,0.0,1123.83,0.0855,-2.748,BELOW_RATED,0
34.829,7.729,9.8149,952.04,28232.88,0.0,1301.18,0.0703,-2.546,BELOW_RATED,0
34.8791,7.507,9.8078,951.36,28213.6,0.0,1202.12,0.1099,-2.766,BELOW_RATED,0
34.9291,7.692,9.8064,951.22,28191.3,0.0,1275.41,0.0999,-3.145,BELOW_RATED,0
34.9791,7.82,9.8128,951.84,28171.04,0.0,1356.68,0.103,-3.155,BELOW_RATED,0
35.0292,7.724,9.8123,951.79,28158.9,0.0,1306.29,0.1077,-2.355,BELOW_RATED,0
35.0792,7.38,9.8061,951.19,28148.08,0.0,1144.2,0.1024,-2.524,BELOW_RATED,0
35.1293,7.33,9.7963,950.24,28133.73,0.0,1104.37,0.1099,-1.894,BELOW_RATED,0
35.1793,7.269,9.787,949.34,28113.48,0.0,1070.33,0.1324,-1.78,BELOW_RATED,0
35.2294,7.737,9.7827,948.92,28088.52,0.0,1294.37,0.1357,-2.437,BELOW_RATED,0
35.2794,7.815,9.7822,948.87,28063.61,0.0,1349.36,0.1278,-2.061,BELOW_RATED,0
35.3294,7.356,9.7866,949.3,28041.82,0.0,1135.25,0.108,-2.694,BELOW_RATED,0
35.3795,7.456,9.7809,948.75,28026.75,0.0,1137.17,0.0883,-2.858,BELOW_RATED,0
35.4295,7.367,9.7863,949.27,28009.19,0.0,1117.66,0.1225,-1.84,BELOW_RATED,0
35.4796,7.53,9.784,949.05,27998.52,0.0,1201.99,0.1054,-2.876,BELOW_RATED,0
35.5296,7.377,9.7828,948.94,27987.54,0.0,1107.63,0.0826,-2.388,BELOW_RATED,0
35.5796,7.373,9.7678,947.48,27977.16,0.0,1128.03,0.0539,-2.992,BELOW_RATED,0
35.6297,7.813,9.7778,948.45,27955.99,0.0,1367.05,0.0497,-2.789,BELOW_RATED,0
35.6797,7.739,9.7715,947.84,27946.02,0.0,1301.29,0.0753,-2.39,BELOW_RATED,0
35.7298,7.549,9.7819,948.84,27932.36,0.0,1189.34,0.0297,-2.397,BELOW_RATED,0
35.7798,7.778,9.7899,949.62,27929.06,0.0,1297.32,0.0205,-2.338,BELOW_RATED,0
35.8299,7.411,9.7857,949.21,27932.82,0.0,1134.6,0.0264,-2.154,BELOW_RATED,0
35.8799,7.631,9.773,947.98,27932.58,0.0,1273.09,0.0297,-2.327,BELOW_RATED,0
35.9299,7.333,9.7683,947.52,27922.01,0.0,1094.08,-0.0025,-2.672,BELOW_RATED,0
35.98,7.37,9.7608,946.8,27909.14,0.0,1114.3,-0.0092,-1.877,BELOW_RATED,0
36.03,7.728,9.7673,947.43,27892.0,0.0,1305.67,-0.0243,-2.964,BELOW_RATED,0
36.0801,7.268,9.7674,947.44,27882.63,0.0,1073.13,-0.0186,-2.235,BELOW_RATED,0
36.1301,7.431,9.7623,946.95,27874.64,0.0,1149.69,-0.0365,-2.377,BELOW_RATED,0
36.1802,7.269,9.7471,945.47,27863.67,0.0,1062.98,-0.0386,-2.183,BELOW_RATED,0
36.2302,7.249,9.739,944.69,27841.87,0.0,1089.42,-0.0464,-2.663,BELOW_RATED,0
36.2802,7.511,9.7375,944.54,27816.66,0.0,1172.25,-0.0921,-2.162,BELOW_RATED,0
36.3303,7.519,9.7278,943.59,27793.83,0.0,1203.32,-0.0609,-2.487,BELOW_RATED,0
36.3803,7.185,9.7156,942.41,27766.34,0.0,1037.03,-0.1005,-1.877,BELOW_RATED,0
36.4304,7.953,9.7228,943.11,27732.91,0.0,1416.83,-0.1083,-2.042,BELOW_RATED,0
36.4804,7.817,9.7255,943.37,27710.12,0.0,1308.14,-0.1062,-2.159,BELOW_RATED,0
36.5304,7.304,9.7195,942.79,27692.73,0.0,1101.19,-0.1245,-2.538,BELOW_RATED,0
36.5805,7.578,9.7134,942.2,27673.0,0.0,1237.44,-0.1177,-1.939,BELOW_RATED,0
36.6305,7.523,9.7071,941.59,27651.12,0.0,1164.93,-0.1184,-1.959,BELOW_RATED,0
36.6806,7.356,9.7033,941.22,27627.32,0.0,1105.42,-0.0941,-2.526,BELOW_RATED,0
36.7306,7.216,9.7051,941.4,27603.84,0.0,1024.78,-0.1295,-2.228,BELOW_RATED,0
36.7807,7.488,9.7026,941.15,27585.15,0.0,1177.56,-0.1321,-2.592,BELOW_RATED,0
36.8307,7.446,9.7001,940.91,27567.12,0.0,1156.17,-0.0953,-2.492,BELOW_RATED,0
36.8807,7.734,9.7049,941.38,27549.6,0.0,1303.71,-0.1012,-2.017,BELOW_RATED,0
36.9308,7.515,9.7022,941.12,27538.51,0.0,1160.28,-0.0896,-2.763,BELOW_RATED,0
36.9808,7.27,9.6988,940.79,27526.82,0.0,1068.21,-0.1036,-1.813,BELOW_RATED,0
37.0309,7.337,9.6887,939.81,27514.04,0.0,1100.66,-0.0887,-1.235,BELOW_RATED,0
37.0809,7.475,9.6902,939.95,27494.93,0.0,1161.75,-0.0916,-1.645,BELOW_RATED,0
37.1309,7.682,9.6945,940.36,27479.71,0.0,1264.38,-0.07,-2.235,BELOW_RATED,0
37.181,7.234,9.6835,939.3,27470.16,0.0,1031.3,-0.0471,-1.462,BELOW_RATED,0
37.231,7.533,9.6862,939.56,27453.1,0.0,1207.35,-0.0428,-2.061,BELOW_RATED,0
37.2811,7.752,9.6929,940.21,27440.66,0.0,1319.0,-0.0476,-1.543,BELOW_RATED,0
37.3311,7.176,9.6795,938.91,27435.44,0.0,1035.79,-0.0657,-1.45,BELOW_RATED,0
37.3812,7.776,9.677,938.67,27420.11,0.0,1300.74,-0.0206,-1.944,BELOW_RATED,0
37.4312,7.365,9.6748,938.46,27404.94,0.0,1093.73,0.0096,-1.396,BELOW_RATED,0
37.4812,7.469,9.6729,938.27,27390.2,0.0,1179.59,-0.0127,-1.736,BELOW_RATED,0
37.5313,7.369,9.6677,937.77,27376.05,0.0,1120.7,0.0265,-2.086,BELOW_RATED,0
37.5813,7.558,9.6618,937.2,27359.73,0.0,1202.95,0.0237,-1.527,BELOW_RATED,0
37.6314,7.586,9.6635,937.36,27341.0,0.0,1228.11,0.0313,-1.794,BELOW_RATED,0
37.6814,7.593,9.6601,937.02,27326.25,0.0,1209.96,0.0356,-1.764,BELOW_RATED,0
37.7314,8.069,9.6742,938.4,27310.86,0.0,1489.56,0.0811,-1.651,BELOW_RATED,0
37.7815,6.965,9.6707,938.06,27309.05,0.0,935.19,0.0565,-2.066,BELOW_RATED,0
37.8315,7.379,9.6649,937.49,27304.67,0.0,1160.46,0.0504,-1.884,BELOW_RATED,0
37.8816,7.21,9.6588,936.91,27296.25,0.0,1006.03,0.0898,-1.208,BELOW_RATED,0
37.9316,7.442,9.6606,937.08,27284.17,0.0,1119.02,0.0761,-1.745,BELOW_RATED,0
37.9817,7.34,9.6607,937.09,27275.22,0.0,1127.2,0.0835,-1.67,BELOW_RATED,0
38.0317,7.435,9.6559,936.63,27267.62,0.0,1142.32,0.0844,-1.318,BELOW_RATED,0
38.0817,7.484,9.6642,937.43,27257.3,0.0,1149.06,0.1129,-1.463,BELOW_RATED,0
38.1318,7.368,9.6556,936.59,27255.09,0.0,1093.86,0.103,-2.057,BELOW_RATED,0
38.1818,7.686,9.6549,936.53,27246.24,0.0,1271.0,0.12,-1.698,BELOW_RATED,0
38.2319,7.187,9.651,936.15,27238.15,0.0,1031.92,0.093,-1.411,BELOW_RATED,0
38.2819,7.386,9.636,934.69,27228.07,0.0,1109.19,0.137,-1.236,BELOW_RATED,0
38.3319,7.503,9.6363,934.72,27207.37,0.0,1176.97,0.0925,-0.588,BELOW_RATED,0
38.382,7.785,9.6492,935.97,27189.87,0.0,1323.63,0.0989,-1.765,BELOW_RATED,0
38.432,7.222,9.641,935.18,27185.24,0.0,1013.89,0.1177,-1.37,BELOW_RATED,0
38.4821,7.246,9.6269,933.8,27174.67,0.0,1054.61,0.1031,-1.256,BELOW_RATED,0
38.5321,7.615,9.6266,933.78,27154.25,0.0,1218.78,0.1059,-1.559,BELOW_RATED,0
38.5822,7.524,9.6337,934.47,27136.52,0.0,1170.01,0.0989,-1.151,BELOW_RATED,0
38.6322,7.211,9.6263,933.75,27127.03,0.0,1020.31,0.0806,-1.649,BELOW_RATED,0
38.6822,7.752,9.6369,934.78,27112.99,0.0,1281.78,0.0877,-0.848,BELOW_RATED,0
38.7323,7.568,9.6408,935.16,27109.43,0.0,1193.34,0.0524,-0.402,BELOW_RATED,0
38.7823,7.448,9.6358,934.67,27109.51,0.0,1109.62,0.0653,-1.216,BELOW_RATED,0
38.8324,7.449,9.6292,934.03,27105.55,0.0,1126.92,0.0224,-1.252,BELOW_RATED,0
38.8824,7.542,9.6318,934.29,27096.86,0.0,1211.34,0.0563,-0.345,BELOW_RATED,0
38.9324,7.448,9.632,934.31,27091.56,0.0,1140.06,0.0368,-1.211,BELOW_RATED,0
38.9825,7.594,9.6343,934.52,27087.17,0.0,1222.28,0.0196,-1.549,BELOW_RATED,0
39.0325,7.597,9.6396,935.05,27085.19,0.0,1189.38,0.0287,0.068,BELOW_RATED,0
39.0826,7.304,9.6361,934.7,27087.82,0.0,1079.71,-0.0209,-0.95,BELOW_RATED,0
39.1326,7.211,9.6293,934.04,27087.24,0.0,1029.29,-0.0257,-0.795,BELOW_RATED,0
39.1827,7.866,9.6362,934.72,27081.26,0.0,1354.4,-0.0343,-0.093,BELOW_RATED,0
39.2327,7.429,9.6324,934.35,27081.72,0.0,1138.95,-0.0382,-0.711,BELOW_RATED,0
39.2827,7.899,9.6532,936.36,27079.06,0.0,1388.5,-0.0643,0.109,BELOW_RATED,0
39.3328,7.577,9.6484,935.9,27093.47,0.0,1190.43,-0.0837,-0.693,BELOW_RATED,0
39.3828,6.998,9.6392,935.0,27101.98,0.0,943.11,-0.0641,0.316,BELOW_RATED,0
39.4329,7.609,9.6429,935.36,27101.87,0.0,1205.25,-0.0709,-0.576,BELOW_RATED,0
39.4829,7.376,9.6408,935.16,27104.75,0.0,1085.85,-0.0982,-0.317,BELOW_RATED,0
39.5329,7.095,9.6247,933.6,27105.53,0.0,989.27,-0.0928,-0.871,BELOW_RATED,0
39.583,7.558,9.6259,933.72,27093.3,0.0,1172.98,-0.0898,-0.844,BELOW_RATED,0
39.633,7.333,9.6278,933.89,27083.77,0.0,1090.76,-0.095,-0.075,BELOW_RATED,0
39.6831,7.522,9.6307,934.18,27077.08,0.0,1187.0,-0.1147,-0.428,BELOW_RATED,0
39.7331,7.805,9.6411,935.19,27073.68,0.0,1322.99,-0.1564,-0.006,BELOW_RATED,0
39.7832,7.733,9.6508,936.13,27079.12,0.0,1277.8,-0.1408,0.351,BELOW_RATED,0
39.8332,7.587,9.6547,936.5,27091.59,0.0,1219.35,-0.0971,-1.02,BELOW_RATED,0
39.8832,7.596,9.6485,935.91,27105.39,0.0,1228.81,-0.147,-0.873,BELOW_RATED,0
39.9333,7.6,9.6582,936.84,27112.28,0.0,1223.48,-0.1158,-0.022,BELOW_RATED,0
39.9833,7.448,9.6562,936.65,27125.94,0.0,1151.25,-0.1197,-0.098,BELOW_RATED,0
40.0334,7.381,9.6595,936.97,27136.05,0.0,1120.31,-0.1379,-0.708,BELOW_RATED,0
40.0834,7.498,9.6552,936.56,27147.36,0.0,1168.86,-0.1024,0.571,BELOW_RATED,0
40.1334,7.623,9.6608,937.1,27153.64,0.0,1240.48,-0.0842,0.361,BELOW_RATED,0
40.1835,7.432,9.6587,936.9,27163.54,0.0,1146.01,-0.1099,0.069,BELOW_RATED,0
40.2335,7.55,9.666,937.6,27170.33,0.0,1177.83,-0.1016,0.815,BELOW_RATED,0
40.2836,7.607,9.6743,938.41,27182.02,0.0,1224.04,-0.0454,0.375,BELOW_RATED,0
40.3336,7.415,9.6707,938.06,27198.71,0.0,1131.66,-0.0532,0.156,BELOW_RATED,0
40.3837,7.826,9.6784,938.8,27210.1,0.0,1353.47,-0.0488,0.634,BELOW_RATED,0
40.4337,7.878,9.6892,939.86,27226.06,0.0,1356.23,-0.021,0.056,BELOW_RATED,0
40.4837,7.658,9.701,941.0,27248.51,0.0,1267.16,-0.0583,1.132,BELOW_RATED,0
40.5338,7.431,9.6997,940.87,27277.27,0.0,1137.81,-0.0365,0.291,BELOW_RATED,0
40.5838,7.229,9.6964,940.55,27300.84,0.0,1031.91,-0.019,0.647,BELOW_RATED,0
40.6339,7.118,9.6848,939.43,27318.38,0.0,993.95,0.0064,0.571,BELOW_RATED,0
40.6839,7.877,9.7004,940.94,27324.08,0.0,1359.09,0.0205,0.058,BELOW_RATED,0
40.7339,7.685,9.7083,941.71,27341.55,0.0,1258.11,0.0156,-0.389,BELOW_RATED,0
40.784,7.526,9.7107,941.94,27362.94,0.0,1182.45,0.0472,0.417,BELOW_RATED,0
40.834,7.347,9.7065,941.53,27383.18,0.0,1112.41,0.0403,1.394,BELOW_RATED,0
40.8841,7.622,9.7052,941.41,27397.12,0.0,1255.2,0.0633,0.753,BELOW_RATED,0
40.9341,7.854,9.7099,941.86,27408.07,0.0,1314.26,0.0584,0.679,BELOW_RATED,0
40.9842,7.732,9.7125,942.12,27421.26,0.0,1304.0,0.0807,1.366,BELOW_RATED,0
41.0342,7.46,9.7164,942.49,27434.66,0.0,1153.92,0.0896,0.366,BELOW_RATED,0
41.0842,8.298,9.737,944.49,27449.29,0.0,1610.54,0.1175,1.142,BELOW_RATED,0
41.1343,7.793,9.7366,944.45,27478.52,0.0,1335.23,0.1345,0.358,BELOW_RATED,0
41.1843,7.431,9.7344,944.23,27503.23,0.0,1140.87,0.1027,1.708,BELOW_RATED,0
41.2344,7.775,9.7362,944.41,27522.62,0.0,1288.61,0.1382,1.263,BELOW_RATED,0
41.2844,7.785,9.7378,944.57,27540.72,0.0,1304.88,0.1207,0.56,BELOW_RATED,0
41.3344,7.858,9.7495,945.7,27557.55,0.0,1343.12,0.1343,0.514,BELOW_RATED,0
41.3845,7.79,9.7512,945.87,27581.47,0.0,1309.61,0.1407,1.809,BELOW_RATED,0
41.4345,7.467,9.7508,945.82,27603.35,0.0,1154.5,0.1098,0.82,BELOW_RATED,0
41.4846,7.806,9.7496,945.71,27621.73,0.0,1322.79,0.1255,1.767,BELOW_RATED,0
41.5346,7.568,9.7519,945.93,27636.53,0.0,1232.9,0.0852,0.86,BELOW_RATED,0
41.5847,7.768,9.7576,946.49,27651.07,0.0,1314.64,0.1536,1.376,BELOW_RATED,0
41.6347,7.737,9.7619,946.9,27668.19,0.0,1277.48,0.1162,1.031,BELOW_RATED,0
41.6847,7.892,9.7678,947.48,27686.34,0.0,1385.03,0.1095,0.279,BELOW_RATED,0
41.7348,7.808,9.7759,948.26,27706.72,0.0,1319.21,0.1124,1.354,BELOW_RATED,0
41.7848,7.7,9.7796,948.62,27730.77,0.0,1270.51,0.0849,1.111,BELOW_RATED,0
41.8349,8.317,9.7984,950.44,27754.42,0.0,1644.15,0.0804,0.685,BELOW_RATED,0
41.8849,7.713,9.7997,950.58,27790.0,0.0,1288.32,0.0717,1.663,BELOW_RATED,0
41.9349,7.714,9.8,950.6,27821.63,0.0,1289.79,0.0671,1.233,BELOW_RATED,0
41.985,7.889,9.8037,950.96,27848.99,0.0,1379.97,0.0404,2.087,BELOW_RATED,0
42.035,7.903,9.8091,951.48,27875.4,0.0,1380.55,0.0299,2.027,BELOW_RATED,0
42.0851,8.012,9.8215,952.68,27902.47,0.0,1437.1,0.0097,1.818,BELOW_RATED,0
42.1351,7.52,9.8247,953.0,27935.81,0.0,1185.88,0.0222,1.735,BELOW_RATED,0
42.1852,7.709,9.8252,953.04,27967.04,0.0,1308.12,0.013,1.188,BELOW_RATED,0
42.2352,8.057,9.8342,953.92,27994.16,0.0,1456.05,-0.0287,1.314,BELOW_RATED,0
42.2852,7.893,9.836,954.09,28024.84,0.0,1376.29,-0.0237,1.782,BELOW_RATED,0
42.3353,7.904,9.841,954.58,28052.6,0.0,1382.5,-0.0371,1.878,BELOW_RATED,0
42.3853,7.56,9.8446,954.92,28080.5,0.0,1217.62,-0.0363,1.709,BELOW_RATED,0
42.4354,7.564,9.8255,953.08,28107.33,0.0,1186.53,-0.0474,2.011,BELOW_RATED,0
42.4854,7.695,9.8213,952.67,28114.71,0.0,1259.68,-0.0601,2.045,BELOW_RATED,0
42.5354,7.918,9.8138,951.94,28117.59,0.0,1380.75,-0.0861,2.175,BELOW_RATED,0
42.5855,8.04,9.8204,952.58,28113.92,0.0,1467.38,-0.0789,1.932,BELOW_RATED,0
42.6355,8.071,9.8335,953.85,28116.18,0.0,1488.3,-0.0893,1.831,BELOW_RATED,0
42.6856,7.507,9.8288,953.4,28128.86,0.0,1197.39,-0.0953,2.128,BELOW_RATED,0
42.7356,7.888,9.8364,954.13,28135.88,0.0,1385.88,-0.1213,2.418,BELOW_RATED,0
42.7857,7.925,9.8417,954.65,28148.08,0.0,1407.65,-0.1437,1.753,BELOW_RATED,0
42.8357,7.832,9.838,954.29,28162.89,0.0,1360.42,-0.1316,1.601,BELOW_RATED,0
42.8857,7.844,9.846,955.06,28172.57,0.0,1362.9,-0.1331,2.896,BELOW_RATED,0
42.9358,7.713,9.8469,955.15,28187.42,0.0,1260.48,-0.1061,2.164,BELOW_RATED,0
42.9858,7.866,9.8621,956.62,28200.91,0.0,1400.29,-0.1427,2.285,BELOW_RATED,0
43.0359,7.462,9.8471,955.16,28224.89,0.0,1171.67,-0.1355,2.086,BELOW_RATED,0
43.0859,8.217,9.8596,956.39,28233.12,0.0,1591.56,-0.1462,2.73,BELOW_RATED,0
43.1359,8.004,9.8567,956.1,28250.51,0.0,1435.5,-0.1286,2.076,BELOW_RATED,0
43.186,8.273,9.8619,956.6,28262.99,0.0,1632.47,-0.1298,1.81,BELOW_RATED,0
43.236,7.812,9.8608,956.49,28277.93,0.0,1349.0,-0.1111,1.755,BELOW_RATED,0
43.2861,7.634,9.8582,956.24,28289.83,0.0,1270.18,-0.1132,2.199,BELOW_RATED,0
43.3361,8.364,9.8714,957.53,28297.93,0.0,1668.22,-0.0967,1.659,BELOW_RATED,0
43.3862,7.559,9.8602,956.44,28315.72,0.0,1214.91,-0.0633,2.758,BELOW_RATED,0
43.4362,7.76,9.8601,956.43,28321.8,0.0,1320.5,-0.0817,1.82,BELOW_RATED,0
43.4862,8.177,9.8738,957.76,28326.92,0.0,1562.86,-0.0689,2.196,BELOW_RATED,0
43.5363,8.32,9.8889,959.23,28342.54,0.0,1631.53,-0.0591,1.824,BELOW_RATED,0
43.5863,7.897,9.8923,959.55,28368.41,0.0,1410.24,-0.0621,1.94,BELOW_RATED,0
43.6364,8.004,9.9025,960.54,28393.33,0.0,1447.64,-0.01,1.806,BELOW_RATED,0
43.6864,8.002,9.9065,960.93,28423.1,0.0,1450.08,0.0042,2.415,BELOW_RATED,0
43.7364,8.175,9.8993,960.23,28451.97,0.0,1559.75,-0.0116,1.622,BELOW_RATED,0
43.7865,7.892,9.9013,960.42,28470.74,0.0,1364.45,0.0294,1.679,BELOW_RATED,0
43.8365,8.207,9.9091,961.18,28488.46,0.0,1593.94,0.0303,2.84,BELOW_RATED,0
43.8866,8.276,9.9189,962.14,28510.09,0.0,1625.3,0.0662,1.792,BELOW_RATED,0
43.9366,8.082,9.9159,961.84,28536.78,0.0,1494.39,0.0281,1.843,BELOW_RATED,0
43.9867,8.132,9.925,962.72,28557.11,0.0,1527.42,0.0698,2.764,BELOW_RATED,0
44.0367,8.594,9.9467,964.83,28582.08,0.0,1829.51,0.1017,2.509,BELOW_RATED,0
44.0867,8.196,9.9629,966.4,28621.45,0.0,1560.67,0.0689,2.15,BELOW_RATED,0
44.1368,8.057,9.9604,966.16,28668.64,0.0,1480.52,0.0722,2.868,BELOW_RATED,0
44.1868,8.373,9.9771,967.78,28707.05,0.0,1672.09,0.1145,2.524,BELOW_RATED,0
44.2369,8.409,9.9877,968.81,28753.84,0.0,1757.89,0.1413,2.581,BELOW_RATED,0
44.2869,8.027,9.9888,968.92,28802.76,0.0,1456.63,0.1152,2.254,BELOW_RATED,0
44.3369,7.981,9.9919,969.21,28845.62,0.0,1459.51,0.1366,2.418,BELOW_RATED,0
44.387,8.487,10.0037,970.36,28884.88,0.0,1728.32,0.1659,3.184,BELOW_RATED,0
44.437,8.45,10.0046,970.44,28928.44,0.0,1731.01,0.1339,2.646,BELOW_RATED,0
44.4871,8.48,10.0186,971.8,28966.45,0.0,1754.86,0.1354,1.971,BELOW_RATED,0
44.5371,8.559,10.026,972.52,29010.73,0.0,1800.23,0.1447,1.961,BELOW_RATED,0
44.5872,7.998,10.024,972.33,29054.89,0.0,1459.23,0.1329,2.465,BELOW_RATED,0
44.6372,7.909,10.0218,972.11,29091.06,0.0,1412.87,0.1336,2.353,BELOW_RATED,0
44.6872,8.457,10.0292,972.83,29120.22,0.0,1751.66,0.1333,3.053,BELOW_RATED,0
44.7373,8.456,10.0346,973.35,29151.36,0.0,1744.81,0.1508,2.686,BELOW_RATED,0
44.7873,8.306,10.0442,974.29,29182.58,0.0,1635.62,0.1251,1.902,BELOW_RATED,0
44.8374,8.432,10.0495,974.8,29217.41,0.0,1733.61,0.1414,2.836,BELOW_RATED,0
44.8874,8.139,10.0557,975.4,29251.71,0.0,1557.97,0.1155,2.313,BELOW_RATED,0
44.9374,8.096,10.0609,975.9,29286.3,0.0,1543.02,0.0924,2.334,BELOW_RATED,0
44.9875,8.292,10.064,976.21,29320.26,0.0,1628.74,0.1015,2.355,BELOW_RATED,0
45.0375,8.41,10.0657,976.37,29352.04,0.0,1707.68,0.0916,3.242,BELOW_RATED,0
45.0876,8.46,10.0678,976.57,29380.67,0.0,1728.91,0.0379,2.667,BELOW_RATED,0
45.1376,8.322,10.0776,977.53,29406.93,0.0,1667.69,0.0476,2.177,BELOW_RATED,0
45.1877,8.477,10.0849,978.24,29437.7,0.0,1755.42,0.0284,2.403,BELOW_RATED,0
45.2377,8.612,10.0951,979.22,29470.23,0.0,1863.66,0.0279,2.246,BELOW_RATED,0
45.2877,8.473,10.0982,979.52,29506.64,0.0,1763.39,0.0029,2.523,BELOW_RATED,0
45.3378,8.287,10.1114,980.81,29540.48,0.0,1645.79,0.0222,2.183,BELOW_RATED,0
45.3878,8.739,10.1246,982.09,29580.63,0.0,1931.38,-0.0342,2.273,BELOW_RATED,0
45.4379,8.171,10.1217,981.8,29626.17,0.0,1581.43,-0.0373,2.117,BELOW_RATED,0
45.4879,8.459,10.1243,982.06,29662.72,0.0,1763.46,-0.0656,2.149,BELOW_RATED,0
45.5379,8.814,10.142,983.77,29696.29,0.0,2012.21,-0.0667,1.929,BELOW_RATED,0
45.588,8.937,10.1594,985.46,29739.94,0.0,2079.66,-0.0843,2.712,BELOW_RATED,0
45.638,8.777,10.1603,985.55,29792.09,0.0,1983.28,-0.0917,2.94,BELOW_RATED,0
45.6881,8.375,10.1627,985.78,29837.55,0.0,1687.03,-0.1255,2.693,BELOW_RATED,0
45.7381,8.115,10.1583,985.36,29878.59,0.0,1573.21,-0.0796,2.628,BELOW_RATED,0
45.7882,8.387,10.1593,985.45,29910.06,0.0,1734.35,-0.1051,2.621,BELOW_RATED,0
45.8382,8.485,10.1638,985.89,29937.86,0.0,1786.85,-0.1201,2.062,BELOW_RATED,0
45.8882,8.531,10.1777,987.24,29965.51,0.0,1798.42,-0.1524,1.943,BELOW_RATED,0
45.9383,8.314,10.1678,986.28,30000.99,0.0,1673.22,-0.1355,1.855,BELOW_RATED,0
45.9883,8.424,10.1672,986.22,30023.0,0.0,1739.25,-0.1416,2.0,BELOW_RATED,0
46.0384,8.586,10.1707,986.56,30041.36,0.0,1861.03,-0.1756,2.306,BELOW_RATED,0
46.0884,8.566,10.1781,987.27,30060.06,0.0,1822.66,-0.1487,1.764,BELOW_RATED,0
46.1384,8.826,10.1921,988.63,30082.33,0.0,2046.3,-0.1502,2.839,BELOW_RATED,0
46.1885,8.692,10.1991,989.32,30113.31,0.0,1946.84,-0.1267,2.338,BELOW_RATED,0
46.2385,8.708,10.2106,990.43,30145.85,0.0,1933.52,-0.1245,2.19,BELOW_RATED,0
46.2886,8.491,10.2242,991.74,30183.5,0.0,1789.93,-0.1186,1.582,BELOW_RATED,0
46.3386,8.626,10.2339,992.68,30227.31,0.0,1865.56,-0.1145,1.821,BELOW_RATED,0
46.3887,8.23,10.2118,990.55,30273.13,0.0,1622.58,-0.1361,3.217,BELOW_RATED,0
46.4387,8.551,10.2212,991.45,30293.63,0.0,1841.58,-0.124,2.61,BELOW_RATED,0
46.4887,8.324,10.2159,990.95,30319.17,0.0,1683.48,-0.1043,2.538,BELOW_RATED,0
46.5388,8.685,10.2234,991.67,30336.59,0.0,1919.83,-0.1095,2.591,BELOW_RATED,0
46.5888,8.779,10.2308,992.39,30357.92,0.0,1999.56,-0.0866,1.266,BELOW_RATED,0
46.6389,8.704,10.2421,993.48,30382.49,0.0,1947.28,-0.0807,2.41,BELOW_RATED,0
46.6889,8.997,10.2559,994.82,30413.14,0.0,2159.52,-0.0564,2.119,BELOW_RATED,0
46.7389,8.566,10.2537,994.61,30451.24,0.0,1849.57,-0.0309,2.804,BELOW_RATED,0
46.789,8.694,10.2637,995.58,30481.99,0.0,1953.51,-0.0415,2.323,BELOW_RATED,0
46.839,8.614,10.2627,995.49,30516.95,0.0,1899.47,-0.013,2.096,BELOW_RATED,0
46.8891,8.672,10.2622,995.44,30546.07,0.0,1936.54,-0.0283,2.569,BELOW_RATED,0
46.9391,9.014,10.277,996.87,30570.59,0.0,2183.37,0.0467,1.77,BELOW_RATED,0
46.9892,8.482,10.2843,997.57,30604.27,0.0,1793.39,0.0406,2.215,BELOW_RATED,0
47.0392,9.104,10.3086,999.94,30639.34,0.0,2217.37,0.0487,1.892,BELOW_RATED,0
47.0892,9.057,10.3187,1000.91,30690.31,0.0,2216.64,0.0641,2.003,BELOW_RATED,0
47.1393,8.914,10.3232,1001.35,30742.65,0.0,2085.19,0.07,2.04,BELOW_RATED,0
47.1893,8.737,10.3283,1001.85,30791.39,0.0,1988.31,0.1007,1.947,BELOW_RATED,0
47.2394,8.868,10.3379,1002.77,30837.58,0.0,2103.99,0.1247,2.347,BELOW_RATED,0
47.2894,8.751,10.343,1003.27,30885.37,0.0,1972.39,0.1529,1.718,BELOW_RATED,0
47.3394,9.139,10.3562,1004.56,30930.74,0.0,2284.92,0.1409,1.674,BELOW_RATED,0
47.3895,8.628,10.3592,1004.84,30981.08,0.0,1918.06,0.14,2.572,BELOW_RATED,0
47.4395,8.671,10.3607,1004.99,31026.79,0.0,1928.14,0.1595,2.009,BELOW_RATED,0
47.4896,8.887,10.3715,1006.03,31067.27,0.0,2125.15,0.1535,2.138,BELOW_RATED,0
47.5396,8.388,10.3723,1006.11,31111.26,0.0,1753.5,0.1404,0.634,BELOW_RATED,0
47.5897,9.198,10.3859,1007.43,31149.64,0.0,2336.32,0.1775,2.551,BELOW_RATED,0
47.6397,8.85,10.3954,1008.35,31194.32,0.0,2061.48,0.1604,1.82,BELOW_RATED,0
47.6897,9.08,10.4071,1009.49,31240.83,0.0,2240.08,0.1854,1.6,BELOW_RATED,0
47.7398,8.975,10.4093,1009.7,31290.86,0.0,2173.12,0.1703,1.808,BELOW_RATED,0
47.7898,8.597,10.4095,1009.72,31335.67,0.0,1874.81,0.1381,1.323,BELOW_RATED,0
47.8399,8.972,10.4146,1010.21,31374.24,0.0,2122.03,0.1642,1.339,BELOW_RATED,0
47.8899,9.06,10.4236,1011.09,31411.72,0.0,2228.11,0.1361,1.446,BELOW_RATED,0
47.9399,8.748,10.4255,1011.27,31451.68,0.0,1999.81,0.134,2.561,BELOW_RATED,0
47.99,8.796,10.4277,1011.48,31487.55,0.0,2045.34,0.1061,1.755,BELOW_RATED,0
48.04,8.799,10.4302,1011.73,31520.18,0.0,2054.87,0.1138,0.96,BELOW_RATED,0
48.0901,9.18,10.428,1011.51,31550.36,0.0,2330.78,0.1318,1.359,BELOW_RATED,0
48.1401,8.783,10.4283,1011.55,31574.29,0.0,2015.89,0.0952,1.249,BELOW_RATED,0
48.1902,8.865,10.4291,1011.62,31595.11,0.0,2093.92,0.1179,1.179,BELOW_RATED,0
48.2402,9.043,10.4385,1012.54,31613.62,0.0,2239.8,0.0609,2.01,BELOW_RATED,0
48.2902,9.097,10.4373,1012.42,31637.72,0.0,2253.33,0.0592,1.122,BELOW_RATED,0
48.3403,8.963,10.4314,1011.84,31657.28,0.0,2179.58,0.0584,1.921,BELOW_RATED,0
48.3903,9.411,10.4476,1013.42,31668.89,0.0,2499.36,0.0268,1.287,BELOW_RATED,0
48.4404,9.433,10.4549,1014.13,31693.01,0.0,2533.32,-0.0108,1.08,BELOW_RATED,0
48.4904,8.866,10.4623,1014.84,31720.03,0.0,2076.8,-0.0065,1.282,BELOW_RATED,0
48.5405,9.495,10.482,1016.76,31749.63,0.0,2612.29,-0.0326,1.537,BELOW_RATED,0
48.5905,9.239,10.4921,1017.73,31792.2,0.0,2364.7,-0.0303,1.327,BELOW_RATED,0
48.6405,9.291,10.5072,1019.2,31837.5,0.0,2444.11,-0.096,1.938,BELOW_RATED,0
48.6906,9.327,10.5222,1020.65,31889.53,0.0,2447.92,-0.0971,1.153,BELOW_RATED,0
48.7406,8.904,10.5259,1021.01,31947.27,0.0,2119.79,-0.0955,1.104,BELOW_RATED,0
48.7907,8.94,10.5197,1020.41,31999.97,0.0,2137.15,-0.1228,0.956,BELOW_RATED,0
48.8407,9.304,10.5307,1021.48,32039.77,0.0,2465.79,-0.1352,0.379,BELOW_RATED,0
48.8907,9.074,10.536,1021.99,32083.52,0.0,2213.59,-0.1426,0.319,BELOW_RATED,0
48.9408,9.789,10.5645,1024.75,32125.67,0.0,2909.33,-0.1831,0.317,BELOW_RATED,0
48.9908,9.154,10.5754,1025.81,32186.82,0.0,2329.06,-0.1634,0.645,BELOW_RATED,0
49.0409,9.447,10.5866,1026.9,32248.83,0.0,2563.14,-0.1673,1.166,BELOW_RATED,0
49.0909,9.074,10.5902,1027.25,32311.93,0.0,2276.83,-0.1661,0.799,BELOW_RATED,0
49.141,9.717,10.6058,1028.76,32369.19,0.0,2827.51,-0.1927,1.212,BELOW_RATED,0
49.191,9.673,10.6295,1031.06,32432.01,0.0,2771.13,-0.2016,0.9,BELOW_RATED,0
49.241,9.006,10.6259,1030.71,32506.8,0.0,2227.07,-0.1787,0.792,BELOW_RATED,0
49.2911,9.392,10.6423,1032.31,32567.72,0.0,2531.2,-0.1957,0.863,BELOW_RATED,0
49.3411,9.352,10.6529,1033.33,32634.53,0.0,2512.94,-0.1862,0.54,BELOW_RATED,0
49.3912,9.658,10.6653,1034.54,32701.19,0.0,2798.94,-0.1949,1.022,BELOW_RATED,0
49.4412,8.872,10.6572,1033.75,32769.35,0.0,2118.67,-0.1586,0.97,BELOW_RATED,0
49.4912,9.304,10.6641,1034.41,32820.55,0.0,2463.55,-0.1519,-0.097,BELOW_RATED,0
49.5413,9.558,10.674,1035.38,32870.52,0.0,2688.53,-0.1756,0.971,BELOW_RATED,0
49.5913,9.319,10.6806,1036.01,32922.23,0.0,2502.81,-0.1273,0.602,BELOW_RATED,0
49.6414,9.269,10.6925,1037.17,32972.35,0.0,2438.73,-0.1355,0.262,BELOW_RATED,0
49.6914,9.113,10.6925,1037.17,33025.94,0.0,2292.88,-0.1111,0.277,BELOW_RATED,0
49.7415,9.493,10.7065,1038.53,33071.88,0.0,2632.32,-0.0901,1.475,BELOW_RATED,0
49.7915,9.388,10.7128,1039.14,33123.7,0.0,2551.0,-0.0572,0.261,BELOW_RATED,0
49.8415,9.147,10.721,1039.94,33173.81,0.0,2282.16,-0.0541,0.128,BELOW_RATED,0
49.8916,9.481,10.7295,1040.76,33224.09,0.0,2631.43,-0.0741,0.273,BELOW_RATED,0
49.9416,9.321,10.7343,1041.23,33274.76,0.0,2462.88,-0.0042,0.477,BELOW_RATED,0
49.9917,9.534,10.7316,1040.97,33322.49,0.0,2655.56,-0.0181,0.432,BELOW_RATED,0
50.0417,9.638,10.7481,1042.56,33360.99,0.0,2761.72,0.0242,-0.039,BELOW_RATED,0
50.0917,9.725,10.7692,1044.61,33408.72,0.0,2834.93,0.026,-0.194,BELOW_RATED,0
50.1418,9.589,10.7762,1045.29,33468.57,0.0,2729.89,0.0828,-0.123,BELOW_RATED,0
50.1918,9.324,10.7835,1046.0,33526.16,0.0,2485.93,0.0782,0.18,BELOW_RATED,0
50.2419,9.499,10.7943,1047.05,33582.06,0.0,2650.18,0.0718,-0.529,BELOW_RATED,0
50.2919,9.479,10.7896,1046.59,33639.73,0.0,2650.64,0.0999,0.122,BELOW_RATED,0
50.342,9.774,10.8011,1047.7,33684.91,0.0,2886.35,0.1304,-0.787,BELOW_RATED,0
50.392,9.437,10.8063,1048.21,33733.95,0.0,2586.98,0.1532,-0.039,BELOW_RATED,0
50.442,9.901,10.8219,1049.73,33780.72,0.0,3023.63,0.1706,-0.605,BELOW_RATED,0
50.4921,9.599,10.8349,1050.98,33834.86,0.0,2725.05,0.1629,-0.714,BELOW_RATED,0
50.5421,9.753,10.8491,1052.36,33892.97,0.0,2883.57,0.1844,-0.893,BELOW_RATED,0
50.5922,9.54,10.8586,1053.28,33955.58,0.0,2698.31,0.1882,-0.031,BELOW_RATED,0
50.6422,9.892,10.8639,1053.8,34017.87,0.0,3079.9,0.2342,-0.497,BELOW_RATED,0
50.6922,9.536,10.8645,1053.85,34076.07,0.0,2682.93,0.1855,-0.321,BELOW_RATED,0
50.7423,10.002,10.8833,1055.68,34126.45,0.0,3138.14,0.2092,-0.985,BELOW_RATED,0
50.7923,9.768,10.8894,1056.27,34186.68,0.0,2894.49,0.1939,-0.573,BELOW_RATED,0
50.8424,9.855,10.8973,1057.04,34243.87,0.0,2974.13,0.1888,-0.626,BELOW_RATED,0
50.8924,9.823,10.9035,1057.64,34300.06,0.0,2945.66,0.2231,-0.622,BELOW_RATED,0
50.9425,9.557,10.9019,1057.48,34353.9,0.0,2721.34,0.2049,-0.78,BELOW_RATED,0
50.9925,10.017,10.9175,1059.0,34398.52,0.0,3138.99,0.2131,-1.3,BELOW_RATED,0
51.0425,9.433,10.9153,1058.79,34450.97,0.0,2564.5,0.1696,-0.637,BELOW_RATED,0
51.0926,9.778,10.9184,1059.08,34493.96,0.0,2906.5,0.1867,-0.981,BELOW_RATED,0
51.1426,9.93,10.9328,1060.49,34533.56,0.0,3062.7,0.1738,-0.315,BELOW_RATED,0
51.1927,9.992,10.9501,1062.16,34580.7,0.0,3132.03,0.1536,-1.196,BELOW_RATED,0
51.2427,9.667,10.9597,1063.09,34636.85,0.0,2842.16,0.134,-1.314,BELOW_RATED,0
51.2927,9.708,10.9673,1063.83,34693.69,0.0,2856.66,0.0922,-0.59,BELOW_RATED,0
51.3428,9.773,10.9754,1064.61,34749.4,0.0,2922.51,0.0698,-0.066,BELOW_RATED,0
51.3928,9.625,10.9829,1065.34,34804.53,0.0,2795.17,0.0648,-1.099,BELOW_RATED,0
51.4429,9.793,10.9893,1065.96,34858.66,0.0,2941.35,0.0502,-1.524,BELOW_RATED,0
51.4929,9.673,11.0003,1067.03,34910.93,0.0,2843.89,0.0148,-1.924,BELOW_RATED,0
51.543,9.964,11.0082,1067.8,34965.77,0.0,3111.53,0.0204,-1.151,BELOW_RATED,0
51.593,9.838,11.0049,1067.47,35020.06,0.0,2979.76,0.0074,-1.369,BELOW_RATED,0
51.643,9.725,11.0059,1067.57,35063.54,0.0,2884.56,-0.0468,-1.511,BELOW_RATED,0
51.6931,9.751,11.016,1068.55,35101.73,0.0,2914.01,-0.0575,-1.111,BELOW_RATED,0
51.7431,9.943,11.0261,1069.54,35143.73,0.0,3098.71,-0.0761,-0.962,BELOW_RATED,0
51.7932,9.76,11.0319,1070.09,35189.08,0.0,2958.29,-0.0869,-0.859,BELOW_RATED,0
51.8432,9.657,11.0289,1069.8,35233.23,0.0,2810.01,-0.0729,-1.459,BELOW_RATED,0
51.8932,9.728,11.0338,1070.28,35268.33,0.0,2890.39,-0.1163,-1.28,BELOW_RATED,0
51.9433,10.008,11.0435,1071.22,35302.92,0.0,3163.64,-0.1215,-1.193,BELOW_RATED,0
51.9933,9.611,11.0387,1070.76,35341.51,0.0,2810.34,-0.1287,-1.533,BELOW_RATED,0
52.0434,10.003,11.0311,1070.01,35370.18,0.0,3166.8,-0.1929,-1.123,BELOW_RATED,0
52.0934,10.165,11.0435,1071.22,35387.68,0.0,3353.64,-0.2097,-2.456,BELOW_RATED,0
52.1435,9.883,11.0534,1072.18,35414.1,0.0,3067.23,-0.1752,-1.193,BELOW_RATED,0
52.1935,9.959,11.0529,1072.13,35445.89,0.0,3136.2,-0.2156,-1.153,BELOW_RATED,0
52.2435,9.732,11.0575,1072.57,35472.67,0.0,2895.72,-0.1914,-1.43,BELOW_RATED,0
52.2936,9.845,11.059,1072.72,35499.84,0.0,3008.12,-0.2084,-1.837,BELOW_RATED,0
52.3436,9.939,11.0657,1073.37,35524.52,0.0,3116.74,-0.1965,-2.214,BELOW_RATED,0
52.3937,10.134,11.0724,1074.02,35551.83,0.0,3298.43,-0.2338,-1.364,BELOW_RATED,0
52.4437,10.0,11.0718,1073.97,35581.43,0.0,3134.8,-0.2078,-1.196,BELOW_RATED,0
52.4937,9.862,11.0741,1074.18,35606.31,0.0,3020.53,-0.2279,-1.207,BELOW_RATED,0
52.5438,9.992,11.0776,1074.52,35629.7,0.0,3168.34,-0.1769,-1.621,BELOW_RATED,0
52.5938,9.868,11.0756,1074.34,35652.98,0.0,3037.53,-0.1888,-1.444,BELOW_RATED,0
52.6439,10.475,11.1036,1077.05,35671.16,0.0,3698.73,-0.1899,-1.99,BELOW_RATED,0
52.6939,10.01,11.1126,1077.92,35712.57,0.0,3156.35,-0.1865,-2.452,BELOW_RATED,0
52.744,10.459,11.1238,1079.01,35756.37,0.0,3649.79,-0.1669,-1.954,BELOW_RATED,0
52.794,9.841,11.1215,1078.79,35804.37,0.0,3004.07,-0.1235,-1.632,BELOW_RATED,0
52.844,9.978,11.1315,1079.75,35843.34,0.0,3145.01,-0.1246,-1.703,BELOW_RATED,0
52.8941,10.477,11.1393,1080.51,35885.97,0.0,3683.73,-0.1023,-2.386,BELOW_RATED,0
52.9441,10.143,11.1525,1081.8,35929.74,0.0,3298.25,-0.0759,-2.656,BELOW_RATED,0
52.9942,10.644,11.1739,1083.87,35979.59,0.0,3877.83,-0.0756,-1.929,BELOW_RATED,0
53.0442,10.389,11.1874,1085.18,36042.24,0.0,3580.73,-0.0452,-1.76,BELOW_RATED,0
53.0942,10.518,11.2021,1086.6,36108.48,0.0,3730.01,-0.0031,-2.858,BELOW_RATED,0
53.1443,9.934,11.1991,1086.31,36178.95,0.0,3131.7,0.016,-2.03,BELOW_RATED,0
53.1943,10.299,11.2063,1087.01,36236.59,0.0,3503.79,0.0247,-2.364,BELOW_RATED,0
53.2444,10.203,11.2068,1087.06,36292.71,0.0,3391.29,0.0442,-2.428,BELOW_RATED,0
53.2944,10.609,11.2231,1088.64,36341.28,0.0,3837.04,0.0809,-1.015,BELOW_RATED,0
53.3445,10.205,11.2299,1089.3,36398.15,0.0,3405.98,0.0958,-2.565,BELOW_RATED,0
53.3945,10.31,11.2322,1089.52,36453.22,0.0,3503.69,0.1235,-2.578,BELOW_RATED,0
53.4445,10.154,11.2412,1090.4,36502.61,0.0,3353.56,0.1111,-2.319,BELOW_RATED,0
53.4946,9.993,11.2439,1090.65,36553.4,0.0,3179.67,0.1338,-1.535,BELOW_RATED,0
53.5446,10.459,11.2493,1091.19,36599.38,0.0,3699.28,0.1487,-1.945,BELOW_RATED,0
53.5947,10.275,11.2498,1091.23,36643.94,0.0,3464.79,0.185,-1.796,BELOW_RATED,0
53.6447,10.428,11.259,1092.12,36682.53,0.0,3641.91,0.2151,-2.491,BELOW_RATED,0
53.6947,10.17,11.2634,1092.55,36724.26,0.0,3394.53,0.1977,-2.62,BELOW_RATED,0
53.7448,10.365,11.2764,1093.81,36764.18,0.0,3565.35,0.23,-2.013,BELOW_RATED,0
53.7948,10.216,11.2784,1094.01,36810.58,0.0,3396.96,0.2172,-3.037,BELOW_RATED,0
53.8449,10.294,11.2872,1094.86,36852.26,0.0,3480.58,0.2361,-2.247,BELOW_RATED,0
53.8949,10.442,11.3022,1096.32,36896.29,0.0,3654.13,0.248,-2.183,BELOW_RATED,0
53.945,10.311,11.3043,1096.52,36948.12,0.0,3514.07,0.2345,-2.034,BELOW_RATED,0
53.995,10.542,11.3176,1097.8,36994.53,0.0,3784.64,0.2133,-1.509,BELOW_RATED,0
54.045,10.207,11.3244,1098.47,37046.79,0.0,3442.86,0.2191,-2.453,BELOW_RATED,0
54.0951,10.368,11.3394,1099.92,37098.02,0.0,3568.2,0.2295,-2.512,BELOW_RATED,0
54.1451,10.728,11.3494,1100.89,37156.11,0.0,3994.31,0.2077,-2.108,BELOW_RATED,0
54.1952,10.326,11.3449,1100.45,37215.31,0.0,3539.35,0.1686,-2.566,BELOW_RATED,0
54.2452,10.124,11.3409,1100.07,37261.83,0.0,3346.29,0.1557,-2.331,BELOW_RATED,0
54.2952,10.747,11.3518,1101.12,37297.98,0.0,4019.77,0.1622,-2.649,BELOW_RATED,0
54.3453,10.477,11.3674,1102.64,37339.2,0.0,3722.97,0.1706,-2.342,BELOW_RATED,0
54.3953,10.307,11.3796,1103.82,37389.34,0.0,3513.74,0.1123,-2.71,BELOW_RATED,0
54.4454,10.291,11.382,1104.06,37443.83,0.0,3506.42,0.1092,-2.781,BELOW_RATED,0
54.4954,10.649,11.3863,1104.47,37492.89,0.0,3916.96,0.0994,-2.841,BELOW_RATED,0
54.5455,10.315,11.3814,1103.99,37538.96,0.0,3575.6,0.0456,-2.576,BELOW_RATED,0
54.5955,10.212,11.3755,1103.43,37573.81,0.0,3441.63,0.031,-2.476,BELOW_RATED,0
54.6455,10.694,11.3831,1104.16,37598.13,0.0,3991.57,-0.0066,-2.083,BELOW_RATED,0
54.6956,10.623,11.397,1105.51,37626.15,0.0,3892.79,-0.0048,-2.619,BELOW_RATED,0
54.7456,10.708,11.4108,1106.84,37663.36,0.0,3989.35,-0.0265,-3.047,BELOW_RATED,0
54.7957,10.487,11.4153,1107.28,37708.33,0.0,3706.08,-0.0581,-2.84,BELOW_RATED,0
54.8457,10.688,11.4322,1108.92,37751.16,0.0,3980.0,-0.0673,-1.489,BELOW_RATED,0
54.8957,10.422,11.4329,1108.99,37803.98,0.0,3667.79,-0.0956,-2.581,BELOW_RATED,0
54.9458,10.556,11.4444,1110.11,37849.96,0.0,3839.65,-0.1259,-1.939,BELOW_RATED,0
54.9958,10.677,11.4505,1110.7,37900.32,0.0,3990.96,-0.1296,-3.041,BELOW_RATED,0
55.0459,10.702,11.4636,1111.97,37949.33,0.0,3973.3,-0.1868,-2.396,BELOW_RATED,0
55.0959,10.889,11.4789,1113.45,38003.79,0.0,4209.23,-0.1765,-2.483,BELOW_RATED,0
55.146,10.838,11.487,1114.23,38065.12,0.0,4178.71,-0.1986,-1.889,BELOW_RATED,0
55.196,10.508,11.4945,1114.96,38125.41,0.0,3753.92,-0.1777,-2.362,BELOW_RATED,0
55.246,10.592,11.5073,1116.21,38184.27,0.0,3864.59,-0.2233,-2.604,BELOW_RATED,0
55.2961,10.864,11.5229,1117.72,38247.03,0.0,4164.54,-0.2149,-2.883,BELOW_RATED,0
55.3461,10.991,11.536,1118.99,38315.79,0.0,4330.5,-0.2479,-1.943,BELOW_RATED,0
55.3962,10.848,11.5429,1119.66,38387.27,0.0,4181.17,-0.2614,-3.213,BELOW_RATED,0
55.4462,10.678,11.55,1120.35,38455.22,0.0,3976.45,-0.2695,-2.736,BELOW_RATED,0
55.4962,10.82,11.5669,1121.99,38520.32,0.0,4126.69,-0.2389,-2.041,BELOW_RATED,0
55.5463,11.016,11.5768,1122.95,38592.38,0.0,4379.53,-0.2419,-3.092,BELOW_RATED,0
55.5963,11.067,11.5904,1124.27,38663.7,0.0,4423.07,-0.2535,-2.462,BELOW_RATED,0
55.6464,10.69,11.5964,1124.85,38737.91,0.0,4010.32,-0.2229,-2.93,BELOW_RATED,0
55.6964,10.619,11.5981,1125.02,38807.34,0.0,3938.5,-0.2196,-2.661,BELOW_RATED,0
55.7465,10.834,11.6081,1125.98,38868.54,0.0,4184.27,-0.227,-2.502,BELOW_RATED,0
55.7965,10.711,11.6058,1125.76,38930.62,0.0,4009.7,-0.2177,-2.839,BELOW_RATED,0
55.8465,10.843,11.6084,1126.01,38981.58,0.0,4169.19,-0.1873,-1.888,BELOW_RATED,0
55.8966,10.675,11.6224,1127.38,39027.79,0.0,3970.96,-0.1749,-2.702,BELOW_RATED,0
55.9466,10.926,11.6363,1128.72,39081.02,0.0,4257.37,-0.1652,-1.704,BELOW_RATED,0
55.9967,10.974,11.6464,1129.7,39140.07,0.0,4365.74,-0.1447,-1.84,BELOW_RATED,0
56.0467,11.175,11.6576,1130.79,39200.48,0.0,4611.75,-0.0943,-2.006,BELOW_RATED,0
56.0967,11.143,11.6736,1132.34,39263.14,0.0,4544.51,-0.0758,-2.87,BELOW_RATED,0
56.1468,10.944,11.6754,1132.51,39332.43,0.0,4323.85,-0.0535,-2.731,BELOW_RATED,0
56.1968,10.729,11.6806,1133.02,39393.53,0.0,4052.85,-0.0564,-1.877,BELOW_RATED,0
56.2469,11.087,11.6918,1134.1,39450.98,0.0,4514.0,0.0068,-2.724,BELOW_RATED,0
56.2969,10.795,11.691,1134.03,39511.12,0.0,4120.89,0.0039,-2.007,BELOW_RATED,0
56.347,10.647,11.6898,1133.91,39561.93,0.0,3960.9,0.0351,-2.526,BELOW_RATED,0
56.397,10.88,11.6892,1133.85,39604.28,0.0,4247.39,0.0847,-2.28,BELOW_RATED,0
56.447,10.678,11.6842,1133.37,39640.01,0.0,4015.91,0.0995,-2.575,BELOW_RATED,0
56.4971,11.325,11.7008,1134.97,39665.79,0.0,4821.51,0.1122,-2.335,BELOW_RATED,0
56.5471,11.174,11.7082,1135.69,39703.99,0.0,4637.2,0.1479,-2.321,BELOW_RATED,0
56.5972,11.234,11.7199,1136.83,39743.98,0.0,4702.03,0.1743,-1.959,BELOW_RATED,0
56.6472,10.881,11.7242,1137.24,39789.66,0.0,4266.97,0.1865,-2.176,BELOW_RATED,0
56.6972,10.949,11.7315,1137.95,39833.0,0.0,4351.99,0.1911,-2.4,BELOW_RATED,0
56.7473,11.022,11.7346,1138.25,39877.3,0.0,4430.19,0.1906,-2.412,BELOW_RATED,0
56.7973,10.906,11.7303,1137.84,39918.31,0.0,4289.92,0.2542,-2.036,BELOW_RATED,0
56.8474,11.002,11.7284,1137.65,39949.3,0.0,4411.62,0.2268,-2.616,BELOW_RATED,0
56.8974,11.089,11.7262,1137.44,39973.95,0.0,4542.61,0.2615,-1.929,BELOW_RATED,0
56.9475,10.87,11.7274,1137.56,39992.96,0.0,4229.52,0.2457,-1.966,BELOW_RATED,0
56.9975,11.01,11.7404,1138.82,40010.45,0.0,4398.96,0.2685,-2.321,BELOW_RATED,0
57.0475,11.281,11.744,1139.17,40038.16,0.0,4765.46,0.2616,-2.749,BELOW_RATED,0
57.0976,11.069,11.7575,1140.48,40065.38,0.0,4516.2,0.2525,-2.185,BELOW_RATED,0
57.1476,10.692,11.7506,1139.8,40101.98,0.0,4052.84,0.2385,-2.121,BELOW_RATED,0
57.1977,10.868,11.752,1139.95,40126.52,0.0,4230.69,0.2331,-2.42,BELOW_RATED,0
57.2477,10.923,11.7589,1140.61,40148.99,0.0,4337.69,0.2344,-2.208,BELOW_RATED,0
57.2977,10.978,11.758,1140.52,40174.96,0.0,4381.06,0.2368,-1.524,BELOW_RATED,0
57.3478,11.116,11.7582,1140.54,40196.33,0.0,4552.11,0.2076,-2.109,BELOW_RATED,0
57.3978,10.906,11.7585,1140.58,40214.86,0.0,4272.05,0.2008,-1.879,BELOW_RATED,0
57.4479,11.404,11.7578,1140.5,40626.1,0.0,4918.0,0.172,-1.291,RATED_POWER,0
57.4979,11.058,11.7489,1139.64,40582.82,0.0,4472.39,0.1372,-1.413,BELOW_RATED,0
57.548,11.207,11.7656,1141.27,40537.05,0.0,4666.04,0.1526,-2.466,BELOW_RATED,0
57.598,10.941,11.7691,1141.6,40514.22,0.0,4328.76,0.1154,-2.202,BELOW_RATED,0
57.648,10.709,11.7732,1142.0,40498.06,0.0,4075.14,0.1061,-1.235,BELOW_RATED,0
57.6981,11.225,11.7841,1143.06,40488.2,0.0,4682.26,0.0641,-1.581,BELOW_RATED,0
57.7481,11.298,11.79,1143.63,40490.44,0.0,4788.78,0.026,-1.724,BELOW_RATED,0
57.7982,11.343,11.7935,1143.97,40498.2,0.0,4866.41,0.0114,-2.34,BELOW_RATED,0
57.8482,11.131,11.8018,1144.77,40508.22,0.0,4583.07,-0.0104,-1.533,BELOW_RATED,0
57.8982,11.197,11.807,1145.27,40524.98,0.0,4675.27,-0.0324,-2.314,BELOW_RATED,0
57.9483,11.001,11.8065,1145.24,40544.45,0.0,4402.65,-0.0622,-1.935,BELOW_RATED,0
57.9983,10.855,11.7968,1144.29,40560.74,0.0,4261.79,-0.066,-0.375,BELOW_RATED,0
58.0484,11.195,11.8021,1144.8,40565.07,0.0,4648.57,-0.1225,-1.897,BELOW_RATED,0
58.0984,11.288,11.8152,1146.07,40574.02,0.0,4785.72,-0.1467,-2.364,BELOW_RATED,0
58.1485,11.288,11.8307,1147.58,40594.58,0.0,4783.1,-0.1503,-1.336,BELOW_RATED,0
58.1985,11.372,11.8338,1147.88,40627.48,0.0,4909.19,-0.1978,-1.352,BELOW_RATED,0
58.2485,11.403,11.8292,1147.43,40979.78,0.0,4958.09,-0.2296,-1.12,RATED_POWER,0
58.2986,11.374,11.8336,1147.86,40956.19,0.0,4918.31,-0.2088,-1.327,BELOW_RATED,0
58.3486,11.373,11.8408,1148.56,40940.34,0.0,4916.79,-0.2128,-0.869,BELOW_RATED,0
58.3987,11.279,11.8464,1149.1,40933.86,0.0,4784.52,-0.2557,-0.89,BELOW_RATED,0
58.4487,11.122,11.8487,1149.32,40933.84,0.0,4599.53,-0.2549,-1.619,BELOW_RATED,0
58.4987,10.845,11.8542,1149.85,40936.01,0.0,4247.24,-0.2498,-1.288,BELOW_RATED,0
58.5488,11.289,11.8678,1151.18,40943.31,0.0,4792.91,-0.2523,-0.836,BELOW_RATED,0
58.5988,11.53,11.877,1152.07,41250.48,0.0,4934.09,-0.262,-1.356,RATED_POWER,0
58.6489,11.359,11.8835,1152.7,41235.41,0.0,4888.88,-0.2775,-1.332,BELOW_RATED,0
58.6989,11.66,11.8855,1152.9,41500.86,0.0,4937.68,-0.2763,-1.222,RATED_POWER,0
58.749,11.42,11.8892,1153.25,41728.39,0.0,4957.68,-0.2809,-1.243,RATED_POWER,0
58.799,10.892,11.8854,1152.88,41657.13,0.0,4285.85,-0.2444,-0.501,BELOW_RATED,0
58.849,11.519,11.8919,1153.51,41862.34,0.0,4964.11,-0.227,-1.074,RATED_POWER,0
58.8991,11.134,11.8943,1153.74,41774.64,0.0,4608.63,-0.204,-0.807,BELOW_RATED,0
58.9491,11.307,11.9041,1154.7,41701.82,0.0,4814.33,-0.2064,-0.038,BELOW_RATED,0
58.9992,11.251,11.9052,1154.8,41649.12,0.0,4777.69,-0.1945,-0.583,BELOW_RATED,0
59.0492,11.331,11.9116,1155.43,41605.04,0.0,4858.73,-0.1462,-1.026,BELOW_RATED,0
59.0992,11.672,11.9246,1156.69,41817.69,0.0,4951.51,-0.1638,-0.986,RATED_POWER,0
59.1493,11.593,11.9228,1156.51,41999.95,0.0,4967.21,-0.1104,-0.443,RATED_POWER,0
59.1993,11.088,11.9238,1156.61,41923.27,0.0,4557.75,-0.0855,-1.514,BELOW_RATED,0
59.2494,11.454,11.9271,1156.92,42090.45,0.0,4947.68,-0.0813,-0.428,RATED_POWER,0
59.2994,11.234,11.9254,1156.76,42005.06,0.0,4757.71,-0.037,-0.562,BELOW_RATED,0
59.3495,11.637,11.9265,1156.87,42160.55,0.0,5016.47,-0.0211,-0.024,RATED_POWER,0
59.3995,11.707,11.9353,1157.73,42293.84,0.0,4996.45,0.0326,-0.838,RATED_POWER,0
59.4495,11.322,11.9421,1158.38,42187.63,0.0,4873.22,0.0676,-1.335,BELOW_RATED,0
59.4996,11.606,11.9437,1158.54,42317.05,0.0,4962.55,0.0607,-0.502,RATED_POWER,0
59.5496,11.634,11.9526,1159.4,42427.98,0.0,4980.2,0.1091,-0.617,RATED_POWER,0
59.5997,11.579,11.9569,1159.82,42523.06,0.0,4970.52,0.139,0.104,RATED_POWER,0
59.6497,11.66,11.9603,1160.15,42604.56,0.0,4990.06,0.1895,-0.897,RATED_POWER,0
59.6997,11.42,11.9565,1159.78,42674.41,0.0,4983.95,0.1409,-0.39,RATED_POWER,0
59.7498,11.523,11.9608,1160.19,42734.29,0.0,4976.6,0.2225,-0.5,RATED_POWER,0
59.7998,11.449,11.9555,1159.69,42785.61,0.0,4989.55,0.2164,-0.251,RATED_POWER,0
59.8499,11.479,11.9599,1160.11,42829.6,0.0,4991.99,0.2174,0.434,RATED_POWER,0
59.8999,11.465,11.9602,1160.14,42867.31,0.0,4990.78,0.2376,0.205,RATED_POWER,0
59.95,11.049,11.9533,1159.47,42703.9,0.0,4548.74,0.2326,1.319,BELOW_RATED,0
60.0,11.435,11.9517,1159.31,42759.57,0.0,4990.96,0.2692,0.155,RATED_POWER,0
